systematic_id	colour
SPAC212.11	2
SPAC212.10	13
SPAC212.09c	13
SPAC212.08c	8
SPAC212.07c	13
SPAC212.12	8
SPAC212.06c	7
SPAC212.05c	13
SPAC212.04c	8
SPAC212.03	8
SPAC212.02	8
SPAC212.01c	8
SPAC977.01	10
SPAC977.18	10
SPAC977.02	10
SPAC977.03	10
SPAC977.04	7
SPAC977.05c	10
SPAC977.06	8
SPAC977.07c	2
SPAC977.08	7
SPAC977.09c	7
SPAC977.10	2
SPAC977.11	2
SPAC977.12	7
SPAC977.13c	13
SPAC977.14c	7
SPAC977.15	10
SPAC977.16c	2
SPAC977.17	7
SPAPJ695.02	8
SPAPJ695.01c	8
SPAC1F8.01	2
SPAC1F8.02c	2
SPAC1F8.03c	2
SPAC1F8.04c	10
SPAC1F8.05	2
SPAC1F8.06	2
SPAC1F8.07c	7
SPAC1F8.08	8
SPAC11D3.19	8
SPAC11D3.01c	10
SPAC11D3.02c	10
SPAC11D3.03c	10
SPAC11D3.04c	10
SPAC11D3.05	7
SPAC11D3.06	7
SPAC11D3.07c	7
SPAC11D3.08c	7
SPAC11D3.09	7
SPAC11D3.10	10
SPAC11D3.20	6
SPAC11D3.11c	7
SPAC11D3.13	10
SPAC11D3.14c	7
SPAC11D3.15	7
SPAC11D3.16c	12
SPAC11D3.17	7
SPAC11D3.18c	7
SPAC5H10.01	7
SPAC5H10.02c	2
SPAC5H10.03	10
SPAC5H10.04	7
SPAC5H10.05c	10
SPAC5H10.06c	2
SPAC5H10.07	8
SPAC5H10.08c	2
SPAC5H10.09c	7
SPAC5H10.10	7
SPAC5H10.11	7
SPAC5H10.12c	2
SPAC5H10.13c	2
SPAC13G6.01c	2
SPAC13G6.02c	2
SPAC13G6.03	7
SPAC13G6.04	7
SPAC13G6.05c	7
SPAC13G6.06c	7
SPAC13G6.07c	2
SPAC13G6.08	2
SPAC13G6.09	7
SPAC13G6.10c	2
SPAC13G6.11c	7
SPAC13G6.12c	2
SPAC13G6.13	6
SPAC13G6.14	2
SPAC13G6.15c	7
SPAC24B11.05	7
SPAC24B11.06c	2
SPAC24B11.07c	10
SPAC24B11.08c	7
SPAC24B11.09	7
SPAC24B11.10c	10
SPAC24B11.11c	2
SPAC24B11.12c	2
SPAC24B11.14	6
SPAC24B11.13	7
SPAC806.02c	7
SPAC806.03c	7
SPAC806.11	6
SPAC806.04c	7
SPAC806.05	7
SPAC806.06c	7
SPAC806.07	2
SPAC806.08c	2
SPAC1639.01c	2
SPAC1639.02c	2
SPAC1F5.11c	2
SPAC1F5.10	2
SPAC1F5.09c	2
SPAC1F5.08c	2
SPAC1F5.07c	7
SPAC1F5.06	7
SPAC1F5.05c	7
SPAC1F5.04c	2
SPAC1F5.03c	7
SPAC1F5.02	7
SPAC18B11.11	7
SPAC18B11.10	2
SPAC18B11.09c	7
SPAC18B11.08c	7
SPAC18B11.07c	2
SPAC18B11.06	7
SPAC18B11.05	7
SPAC18B11.04	2
SPAC18B11.03c	7
SPAC18B11.02c	7
SPAC12G12.16c	7
SPAC12G12.15	7
SPAC12G12.14c	2
SPAC12G12.13c	2
SPAC12G12.12	7
SPAC12G12.11c	10
SPAC12G12.10	2
SPAC12G12.09	10
SPAC12G12.17	7
SPAC12G12.08	7
SPAC12G12.07c	10
SPAC12G12.06c	7
SPAC12G12.05c	2
SPAC12G12.04	2
SPAC12G12.03	2
SPAC12G12.02	7
SPAC12G12.01c	2
SPAC630.03	2
SPAC630.04c	12
SPAC630.05	7
SPAC630.06c	10
SPAC630.07c	12
SPAC630.08c	7
SPAC630.15	8
SPAC630.09c	10
SPAC630.10	7
SPAC630.11	7
SPAC630.12	7
SPAC630.13c	2
SPAC630.14c	2
SPAC1751.01c	2
SPAC1751.04	7
SPAC1751.02c	7
SPAC1751.03	2
SPAC31A2.02	7
SPAC31A2.03	7
SPAC31A2.04c	2
SPAC31A2.05c	2
SPAC31A2.06	7
SPAC31A2.07c	7
SPAC31A2.08	7
SPAC31A2.09c	7
SPAC31A2.10	7
SPAC31A2.11c	2
SPAC31A2.12	7
SPAC31A2.13c	7
SPAC31A2.14	2
SPAC31A2.15c	2
SPAC31A2.16	2
SPAC13C5.01c	2
SPAC13C5.02	2
SPAC13C5.03	2
SPAC13C5.04	10
SPAC13C5.05c	7
SPAC13C5.06c	8
SPAC13C5.07	2
SPAC23E2.01	2
SPAC23E2.02	2
SPAC23E2.03c	2
SPAC24H6.13	7
SPAC24H6.12c	7
SPAC24H6.11c	7
SPAC24H6.10c	7
SPAC24H6.09	2
SPAC24H6.08	12
SPAC24H6.07	2
SPAC24H6.06	2
SPAC24H6.05	2
SPAC24H6.04	2
SPAC24H6.03	2
SPAC24H6.02c	7
SPAC24H6.01c	7
SPAPB21F2.02	7
SPAPB21F2.03	7
SPAC227.01c	2
SPAC227.19c	7
SPAC227.02c	7
SPAC227.03c	7
SPAC227.04	2
SPAC227.05	2
SPAC227.06	7
SPAC227.07c	2
SPAC227.08c	2
SPAC227.09	7
SPAC227.10	2
SPAC227.11c	7
SPAC227.12	2
SPAC227.13c	2
SPAC227.14	7
SPAC227.15	7
SPAC227.16c	2
SPAC227.17c	10
SPAC227.18	2
SPAC2F7.02c	7
SPAC2F7.03c	2
SPAC2F7.04	2
SPAC2F7.05c	7
SPAC2F7.06c	2
SPAC2F7.07c	2
SPAC2F7.08c	2
SPAC2F7.09c	7
SPAC2F7.10	7
SPAC2F7.11	2
SPAC2F7.13c	7
SPAC2F7.14c	2
SPAC2F7.15	7
SPAC2F7.16c	2
SPAC2F7.17	2
SPAC13A11.01c	2
SPAC13A11.02c	2
SPAC13A11.03	2
SPAC13A11.04c	2
SPAC13A11.05	2
SPAC13A11.06	7
SPAC3H8.02	7
SPAC3H8.03	7
SPAC3H8.04	10
SPAC3H8.05c	7
SPAC3H8.06	2
SPAC3H8.07c	2
SPAC3H8.08c	7
SPAC3H8.09c	7
SPAC3H8.10	2
SPAC1F3.01	2
SPAC1F3.02c	2
SPAC1F3.03	7
SPAC1F3.04c	7
SPAC1F3.05	2
SPAC1F3.06c	2
SPAC1F3.07c	2
SPAC1F3.08c	6
SPAC1F3.09	7
SPAC1F3.10c	7
SPAC1D4.01	2
SPAC1D4.02c	7
SPAC1D4.03c	7
SPAC1D4.04	2
SPAC1D4.05c	7
SPAC1D4.06c	2
SPAC1D4.08	2
SPAC1D4.09c	2
SPAC1D4.10	2
SPAC1D4.11c	2
SPAC1D4.12	2
SPAC1D4.13	2
SPAC1D4.14	7
SPAC22F3.13	2
SPAC22F3.12c	2
SPAC22F3.11c	2
SPAC22F3.10c	2
SPAC22F3.09c	2
SPAC22F3.08c	7
SPAC22F3.07c	7
SPAC22F3.15	7
SPAC22F3.06c	2
SPAC22F3.05c	2
SPAC22F3.04	7
SPAC22F3.03c	2
SPAC22F3.02	2
SPAC1296.01c	7
SPAC1296.02	2
SPAC1296.03c	2
SPAC1296.04	7
SPAC1296.05c	2
SPAC1296.06	7
SPAPJ696.01c	2
SPAPJ696.02	7
SPAC22G7.01c	7
SPAC22G7.02	2
SPAC22G7.03	12
SPAC22G7.04	7
SPAC22G7.05	7
SPAC22G7.06c	2
SPAC22G7.07c	7
SPAC22G7.08	10
SPAC22G7.09c	2
SPAC22G7.10	2
SPAC22G7.11c	10
SPAC4G8.02c	7
SPAC4G8.03c	7
SPAC4G8.04	7
SPAC4G8.05	2
SPAC4G8.06c	7
SPAC4G8.07c	7
SPAC4G8.08	7
SPAC4G8.09	7
SPAC4G8.10	7
SPAC4G8.11c	7
SPAC4G8.12c	7
SPAC4G8.13c	2
SPAC16C9.01c	10
SPAC16C9.02c	7
SPAC16C9.03	7
SPAC16C9.04c	2
SPAC16C9.05	2
SPAC16C9.06c	2
SPAC16C9.07	2
SPAC2G11.02	7
SPAC2G11.03c	2
SPAC2G11.04	7
SPAC2G11.05c	7
SPAC2G11.06	2
SPAC2G11.07c	2
SPAC2G11.08c	2
SPAC2G11.09	7
SPAC2G11.10c	7
SPAC2G11.11c	7
SPAC2G11.12	2
SPAC2G11.13	2
SPAC2G11.14	2
SPAC2G11.15c	2
SPAC521.02	7
SPAC521.03	10
SPAC521.04c	7
SPAC521.05	7
SPAC23G3.01	2
SPAC23G3.02c	2
SPAC23G3.03	2
SPAC23G3.04	2
SPAC23G3.05c	10
SPAC23G3.06	7
SPAC23G3.07c	2
SPAC23G3.08c	2
SPAC23G3.09	7
SPAC23G3.10c	2
SPAC23G3.11	2
SPAC23G3.12c	7
SPAC22H12.01c	12
SPAC22H12.02	2
SPAC22H12.03	7
SPAC22H12.04c	7
SPAC22H12.05c	2
SPAC1687.01	2
SPAC1687.02	7
SPAC1687.03c	2
SPAC1687.04	2
SPAC1687.05	2
SPAC1687.06c	7
SPAC1687.07	10
SPAC1687.08	8
SPAC1687.09	7
SPAC1687.10	2
SPAC1687.11	7
SPAC1687.12c	2
SPAC1687.13c	2
SPAC1687.14c	7
SPAC1687.23c	8
SPAC1687.15	2
SPAC1687.16c	2
SPAC1687.17c	7
SPAC1687.18c	2
SPAC1687.19c	2
SPAC1687.20c	2
SPAC1687.21	7
SPAC1687.22c	7
SPAC222.03c	7
SPAC222.19	2
SPAC222.04c	2
SPAC222.05c	7
SPAC222.06	7
SPAC222.07c	2
SPAC222.08c	7
SPAC222.09	2
SPAC222.10c	2
SPAC222.11	7
SPAC222.17	10
SPAC222.12c	2
SPAC222.13c	7
SPAC222.14c	2
SPAC222.15	2
SPAC222.18	7
SPAC222.16c	7
SPAC821.03c	2
SPAC821.04c	2
SPAC821.05	2
SPAC821.06	2
SPAC821.07c	2
SPAC821.08c	2
SPAC821.09	2
SPAC821.10c	2
SPAC821.11	2
SPAC821.12	2
SPAC821.13c	7
SPAC139.01c	2
SPAC139.02c	7
SPAC139.03	2
SPAC139.04c	2
SPAC139.05	7
SPAC139.06	2
SPAC23C4.02	2
SPAC23C4.03	2
SPAC23C4.04c	8
SPAC23C4.05c	2
SPAC23C4.06c	7
SPAC23C4.07	2
SPAC23C4.08	2
SPAC23C4.09c	10
SPAC23C4.10	2
SPAC23C4.11	7
SPAC23C4.12	2
SPAC23C4.13	7
SPAC23C4.14	7
SPAC23C4.15	2
SPAC23C4.16c	2
SPAC23C4.17	2
SPAC23C4.18c	2
SPAC23C4.19	2
SPAC1A6.01c	7
SPAC1A6.02	7
SPAC1A6.03c	7
SPAC1A6.11	6
SPAC1A6.04c	2
SPAC1A6.05c	2
SPAC1A6.06c	12
SPAC1A6.07	2
SPAC1A6.08c	12
SPAC1A6.09c	2
SPAC1A6.10	7
SPAC30D11.14c	7
SPAC30D11.13	2
SPAC30D11.12	7
SPAC30D11.11	7
SPAC30D11.10	2
SPAC30D11.09	2
SPAC30D11.08c	2
SPAC30D11.07	2
SPAC30D11.06c	7
SPAC30D11.05	7
SPAC30D11.04c	2
SPAC30D11.03	7
SPAC30D11.02c	8
SPAC30D11.01c	7
SPAC56F8.02	7
SPAC56F8.03	7
SPAC56F8.04c	2
SPAC56F8.05c	7
SPAC56F8.06c	2
SPAC56F8.07	7
SPAC56F8.08	2
SPAC56F8.09	2
SPAC56F8.10	2
SPAC56F8.11	7
SPAC56F8.12	10
SPAC56F8.13	6
SPAC56F8.14c	8
SPAC56F8.15	8
SPAC56F8.16	2
SPAC22A12.01c	2
SPAC22A12.02c	12
SPAC22A12.03c	2
SPAC22A12.04c	7
SPAC22A12.05	2
SPAC22A12.06c	10
SPAC22A12.07c	2
SPAC22A12.08c.1	2
SPAC22A12.09c	2
SPAC22A12.10	7
SPAC22A12.11	2
SPAC22A12.12c	2
SPAC22A12.13	7
SPAC22A12.14c	10
SPAC22A12.15c	2
SPAC22A12.16	7
SPAC22A12.17c	10
SPAC4C5.01	7
SPAC4C5.02c	2
SPAC4C5.03	10
SPAC4C5.04	2
SPAC10F6.01c	2
SPAC10F6.02c	2
SPAC10F6.03c	7
SPAC10F6.04	7
SPAC10F6.05c	7
SPAC10F6.06	10
SPAC10F6.07c	8
SPAC10F6.08c	2
SPAC10F6.09c	2
SPAC10F6.10	7
SPAC10F6.11c	2
SPAC10F6.12c	2
SPAC10F6.13c	7
SPAC10F6.14c	10
SPAC10F6.15	12
SPAC10F6.16	2
SPAC10F6.17c	7
SPAC56E4.02c	7
SPAC56E4.03	7
SPAC56E4.04c	2
SPAC56E4.05	7
SPAC56E4.06c	2
SPAC56E4.07	10
SPAC1420.01c	7
SPAC1420.02c	2
SPAC1420.03	2
SPAC1420.04c	7
SPAPB17E12.02	2
SPAPB17E12.03	7
SPAPB17E12.04c	2
SPAPB17E12.05	7
SPAPB17E12.06	2
SPAPB17E12.07c	7
SPAPB17E12.08	7
SPAPB17E12.09	10
SPAPB17E12.10c	7
SPAPB17E12.11	7
SPAPB17E12.12c	7
SPAPB17E12.13	7
SPAPB17E12.14c	7
SPAC1565.01	2
SPAC1565.02c	2
SPAC1565.03	12
SPAC1565.04c	2
SPAC1565.05	7
SPAC1565.06c	2
SPAC1565.07c	7
SPAC1565.08	2
SPAC6F12.02	2
SPAC6F12.03c	2
SPAC6F12.04	7
SPAC6F12.05c	2
SPAC6F12.06	7
SPAC6F12.07	7
SPAC6F12.08c	7
SPAC6F12.09	2
SPAC6F12.10c	2
SPAC6F12.11c	2
SPAC6F12.12	2
SPAC6F12.13c	2
SPAC6F12.14	2
SPAC6F12.15c	2
SPAC6F12.16c	2
SPAC6F12.17	2
SPAC19E9.01c	2
SPAC19E9.02	2
SPAC19E9.03	2
SPAC57A10.02	2
SPAC57A10.03	2
SPAC57A10.04	7
SPAC57A10.14	2
SPAC57A10.05c	2
SPAC57A10.06	12
SPAC57A10.07	10
SPAC57A10.08c	7
SPAC57A10.09c	7
SPAC57A10.10c	2
SPAC57A10.11c	7
SPAC57A10.12c	2
SPAC20G8.01	2
SPAC20G8.02	7
SPAC20G8.03	2
SPAC20G8.04c	7
SPAC20G8.05c	2
SPAC20G8.06	2
SPAC20G8.07c	2
SPAC20G8.08c	7
SPAC20G8.09c	2
SPAC20G8.10c	2
SPAC3A12.02	10
SPAC3A12.03c	10
SPAC3A12.04c	2
SPAC3A12.05c	7
SPAC3A12.06c	7
SPAC3A12.19	7
SPAC3A12.07	2
SPAC3A12.08	7
SPAC3A12.09c	2
SPAC3A12.10	7
SPAC3A12.11c	2
SPAC3A12.12	7
SPAC3A12.13c	2
SPAC3A12.14	2
SPAC3A12.15	7
SPAC3A12.16c	7
SPAC3A12.17c	2
SPAC3A12.18	2
SPAC9.02c	10
SPAC9.03c	2
SPAC9.04	4
SPAC9.05	2
SPAC9.06c	7
SPAC9.07c	7
SPAC9.08c	7
SPAC9.09	2
SPAC9.10	2
SPAC9.11	12
SPAC9.12c	7
SPAC9.13c	2
SPAC5D6.13	2
SPAC5D6.12	2
SPAC5D6.10c	8
SPAC5D6.09c	7
SPAC5D6.08c	2
SPAC5D6.07c	2
SPAC5D6.06c	7
SPAC5D6.05	2
SPAC5D6.04	7
SPAC5D6.02c	2
SPAC5D6.01	7
SPAC57A7.13	2
SPAC57A7.12	7
SPAC57A7.11	2
SPAC57A7.10c	7
SPAC57A7.09	10
SPAC57A7.08	2
SPAC57A7.07c	7
SPAC57A7.06	7
SPAC57A7.05	7
SPAC57A7.04c	2
SPAC57A7.15c	12
SPAC167.07c	7
SPAC167.06c	12
SPAC167.05	10
SPAC167.04	7
SPAC167.03c	2
SPAC167.02	2
SPAC167.09	7
SPAC167.01	2
SPAC167.08	4
SPAC1705.02	10
SPAC1705.03c	2
SPAC23H4.18c	2
SPAC23H4.17c	2
SPAC23H4.16c	7
SPAC23H4.15	7
SPAC23H4.14	2
SPAC23H4.21	10
SPAC23H4.13c	12
SPAC23H4.12	2
SPAC23H4.11c	2
SPAC23H4.10c	2
SPAC23H4.09	10
SPAC23H4.08	7
SPAC23H4.07c	7
SPAC23H4.06	2
SPAC23H4.05c	8
SPAC23H4.04	7
SPAC23H4.03c	7
SPAC23H4.02	10
SPAC23H4.01c	2
SPAP27G11.02	7
SPAP27G11.03	2
SPAP27G11.04c	2
SPAP27G11.05c	7
SPAP27G11.06c	2
SPAP27G11.07c	7
SPAP27G11.08c	12
SPAP27G11.09c	7
SPAP27G11.10c	2
SPAP27G11.11c	6
SPAP27G11.16	6
SPAP27G11.12	10
SPAP27G11.13c	7
SPAP27G11.14c	8
SPAP27G11.15	2
SPAC343.01c	7
SPAC343.02	7
SPAC343.03	2
SPAC343.04c	7
SPAC343.05	2
SPAC343.06c	7
SPAC343.07	10
SPAC343.08c	7
SPAC343.09	2
SPAC343.10	2
SPAC343.11c	2
SPAC343.21	6
SPAC343.12	10
SPAC343.20	6
SPAC343.13	7
SPAC343.14c	2
SPAC343.15	2
SPAC343.16	2
SPAC343.17c	2
SPAC343.18	2
SPAC343.19	7
SPAC824.02	7
SPAC824.03c	10
SPAC824.04	2
SPAC824.05	7
SPAC824.06	7
SPAC824.07	7
SPAC824.08	2
SPAC824.09c	7
SPAC664.01c	2
SPAC664.02c	2
SPAC664.03	2
SPAC664.04c	7
SPAC664.05	7
SPAC664.06	7
SPAC664.07c	2
SPAC664.08c	7
SPAC664.09	2
SPAC664.10	2
SPAC664.11	2
SPAC664.12c	7
SPAC664.13	8
SPAC664.14	2
SPAC664.15	7
SPACUNK12.02c	2
SPAC105.01c	7
SPAC105.02c	2
SPAC105.03c	7
SPAC17A5.01	7
SPAC17A5.18c	2
SPAC17A5.02c	2
SPAC17A5.03	2
SPAC17A5.04c	2
SPAC17A5.05c	10
SPAC17A5.19	12
SPAC17A5.06	2
SPAC17A5.07c	2
SPAC17A5.08	7
SPAC17A5.09c	7
SPAC17A5.10	10
SPAC17A5.11	2
SPAC17A5.12	2
SPAC17A5.13	7
SPAC17A5.14	2
SPAC17A5.15c	2
SPAC17A5.16	10
SPAC1610.01	2
SPAC1610.02c	7
SPAC1610.03c	2
SPAC1610.04	10
SPAC1002.01	7
SPAC1002.02	2
SPAC1002.03c	2
SPAC1002.04c	7
SPAC1002.05c	2
SPAC1002.06c	2
SPAC1002.07c	7
SPAC1002.08c	2
SPAC1002.09c	2
SPAC1002.10c	2
SPAC1002.11	7
SPAC1002.12c	7
SPAC1002.13c	2
SPAC1002.20	6
SPAC1002.14	7
SPAC1002.15c	2
SPAC1002.16c	7
SPAC1002.17c	7
SPAC1002.18	10
SPAC1002.19	7
SPAC1399.05c	2
SPAC1399.04c	2
SPAC1399.03	2
SPAC1399.02	7
SPAC1399.06	6
SPAC1399.01c	7
SPAP11E10.01	10
SPAP11E10.02c	2
SPAPB1A10.02	2
SPAPB1A10.03	2
SPAPB1A10.16	10
SPAPB1A10.04c	2
SPAPB1A10.05	12
SPAPB1A10.06c	7
SPAPB1A10.07c	7
SPAPB1A10.08	10
SPAPB1A10.09	2
SPAPB1A10.10c	2
SPAPB1A10.11c	2
SPAPB1A10.12c	7
SPAPB1A10.13	12
SPAPB1A10.14	7
SPAPB1A10.15	7
SPAC140.01	7
SPAC140.02	2
SPAC140.03	2
SPAC140.04	2
SPAC110.06	6
SPAC110.01	10
SPAC110.02	2
SPAC110.03	2
SPAC110.04c	2
SPAP14E8.02	2
SPAP14E8.03	7
SPAP14E8.04	7
SPAP14E8.05c	7
SPAC3H1.01c	2
SPAC3H1.02c	7
SPAC3H1.03	7
SPAC3H1.04c	10
SPAC3H1.05	7
SPAC3H1.06c	7
SPAC3H1.07	2
SPAC3H1.08c	7
SPAC3H1.09c	2
SPAC3H1.10	2
SPAC3H1.11	2
SPAC3H1.12c	2
SPAC3H1.13	7
SPAC3H1.14	7
SPAC9G1.14	6
SPAC9G1.02	2
SPAC9G1.03c	7
SPAC9G1.04	2
SPAC9G1.05	2
SPAC9G1.06c	2
SPAC9G1.07	12
SPAC9G1.08c	7
SPAC9G1.15c	2
SPAC9G1.09	2
SPAC9G1.10c	7
SPAC9G1.11c	2
SPAC9G1.12	2
SPAC9G1.13c	2
SPAC767.01c	2
SPAC17H9.01	2
SPAC17H9.02	2
SPAC17H9.03c	2
SPAC17H9.04c	2
SPAC17H9.05	2
SPAC17H9.06c	10
SPAC17H9.07	7
SPAC17H9.08	7
SPAC17H9.09c	2
SPAC17H9.10c	2
SPAC17H9.11	2
SPAC17H9.12c	7
SPAC17H9.13c	2
SPAC17H9.14c	2
SPAC17H9.16	7
SPAC17H9.17c	7
SPAC17H9.18c	8
SPAC17H9.19c	2
SPAC17H9.20	2
SPAC607.02c	10
SPAC607.03c	2
SPAC607.04	2
SPAC607.05	2
SPAC607.06c	10
SPAC607.07c	12
SPAC607.08c	7
SPAC607.09c	2
SPAC607.10	2
SPAC732.01	7
SPAC732.02c	7
SPAC3C7.01c	7
SPAC3C7.02c	7
SPAC3C7.03c	2
SPAC3C7.04	7
SPAC3C7.05c	7
SPAC3C7.06c	2
SPAC3C7.07c	2
SPAC3C7.08c	2
SPAC3C7.09	10
SPAC3C7.10	7
SPAC3C7.11c	2
SPAC3C7.12	2
SPAC3C7.13c	7
SPAC3C7.14c	10
SPAC25A8.03c	10
SPAC25A8.01c	2
SPAC25A8.02	2
SPAC631.01c	2
SPAC631.02	2
SPAC20H4.01	7
SPAC20H4.02	2
SPAC20H4.03c	2
SPAC20H4.04	7
SPAC20H4.05c	7
SPAC20H4.06c	2
SPAC20H4.07	2
SPAC20H4.08	7
SPAC20H4.09	2
SPAC20H4.10	7
SPAC20H4.11c	2
SPAC23C11.01	7
SPAC23C11.02c	7
SPAC23C11.03	7
SPAC23C11.04c	2
SPAC23C11.05	7
SPAC23C11.06c	10
SPAC23C11.07	8
SPAC23C11.08	2
SPAC23C11.09	7
SPAC23C11.10	2
SPAC23C11.11	2
SPAC23C11.12	2
SPAC23C11.13c	2
SPAC23C11.14	2
SPAC23C11.15	2
SPAC23C11.16	2
SPAC23C11.17	7
SPAC13F5.01c	7
SPAC13F5.02c	2
SPAC13F5.03c	2
SPAC13F5.04c	7
SPAC13F5.05	7
SPAC13F5.06c	2
SPAC13F5.07c	10
SPAC1783.01	7
SPAC1783.02c	7
SPAC1783.03	2
SPAC1783.04c	2
SPAC1783.05	2
SPAC1783.06c	2
SPAC1783.07c	2
SPAC1783.08c	7
SPAC1327.01c	7
SPAC18G6.01c	10
SPAC18G6.02c	2
SPAC18G6.03	2
SPAC18G6.04c	7
SPAC18G6.05c	2
SPAC18G6.06	7
SPAC18G6.07c	2
SPAC18G6.09c	2
SPAC18G6.10	2
SPAC18G6.11c	2
SPAC18G6.12c	10
SPAC18G6.13	12
SPAC18G6.14c	7
SPAC18G6.15	2
SPAC13D6.01	2
SPAC13D6.02c	7
SPAC13D6.03c	7
SPAC13D6.04c	2
SPAC13D6.05	2
SPAC4G9.02	2
SPAC4G9.03	2
SPAC4G9.04c	2
SPAC4G9.05	7
SPAC4G9.06c	7
SPAC4G9.07	12
SPAC4G9.08c	2
SPAC4G9.09c	2
SPAC4G9.10	2
SPAC4G9.11c	2
SPAC4G9.12	2
SPAC4G9.13c	2
SPAC4G9.14	10
SPAC4G9.15	7
SPAC4G9.16c	2
SPAC4G9.17c	7
SPAC4G9.19	7
SPAC4G9.20c	7
SPAC4G9.22	8
SPAC13G7.01c	2
SPAC13G7.02c	2
SPAC13G7.03	7
SPAC13G7.04c	7
SPAC13G7.05	2
SPAC13G7.06	2
SPAC13G7.07	2
SPAC13G7.08c	2
SPAC13G7.09c	10
SPAC13G7.10	2
SPAC13G7.11	7
SPAC13G7.12c	7
SPAC13G7.13c	2
SPAC6C3.02c	7
SPAC6C3.03c	8
SPAC6C3.04	2
SPAC6C3.05	12
SPAC6C3.06c	7
SPAC6C3.07	12
SPAC6C3.08	2
SPAC6C3.09	2
SPAC17G8.01c	7
SPAC17G8.02	7
SPAC17G8.03c	2
SPAC17G8.15	7
SPAC17G8.04c	2
SPAC17G8.05	2
SPAC17G8.06c	2
SPAC17G8.07	2
SPAC17G8.08c	7
SPAC17G8.09	2
SPAC17G8.10c	2
SPAC17G8.11c	2
SPAC17G8.12	2
SPAC17G8.13c	2
SPAC17G8.14c	2
SPAC22H10.02	10
SPAC22H10.03c	2
SPAC22H10.04	2
SPAC22H10.05c	7
SPAC22H10.06c	6
SPAC22H10.13	2
SPAC22H10.07	2
SPAC22H10.08	10
SPAC22H10.09	2
SPAC22H10.10	2
SPAC22H10.11c	7
SPAC22H10.12c	7
SPAC15F9.01c	7
SPAC15F9.02	2
SPAC15F9.03c	2
SPAC1B9.02c	2
SPAC1B9.03c	7
SPAC6B12.02c	2
SPAC6B12.03c	7
SPAC6B12.18	7
SPAC6B12.04c	7
SPAC6B12.05c	2
SPAC6B12.06c	7
SPAC6B12.07c	2
SPAC6B12.08	2
SPAC6B12.19	7
SPAC6B12.09	2
SPAC6B12.10c	2
SPAC6B12.11	2
SPAC6B12.12	7
SPAC6B12.13	7
SPAC6B12.14c	10
SPAC6B12.15	2
SPAC6B12.16	10
SPAC32A11.04c	7
SPAC32A11.01	10
SPAC32A11.02c	10
SPAC32A11.03c	2
SPAC19A8.15	7
SPAC19A8.14	7
SPAC19A8.13	2
SPAC19A8.12	2
SPAC19A8.11c	7
SPAC19A8.10	2
SPAC19A8.09	7
SPAC19A8.08	2
SPAC19A8.16	10
SPAC19A8.07c	7
SPAC19A8.06	10
SPAC19A8.05c	2
SPAC19A8.04	2
SPAC19A8.03	7
SPAC19A8.02	2
SPAC19A8.01c	7
SPAC23H3.02c	2
SPAC23H3.03c	2
SPAC23H3.04	10
SPAC23H3.05c	2
SPAC23H3.06	7
SPAC23H3.07c	7
SPAC23H3.08c	2
SPAC23H3.09c	7
SPAC23H3.10	2
SPAC23H3.11c	7
SPAC23H3.12c	7
SPAC23H3.13c	2
SPAC23H3.14	7
SPAC23H3.15c	7
SPAC25H1.02	7
SPAC25H1.03	2
SPAC25H1.04	2
SPAC25H1.05	7
SPAC25H1.06	2
SPAC25H1.10c	7
SPAC25H1.07	7
SPAC25H1.08c	7
SPAC25H1.09	7
SPAC4A8.02c	10
SPAC4A8.03c	2
SPAC4A8.04	2
SPAC4A8.05c	2
SPAC4A8.06c	10
SPAC4A8.07c	7
SPAC4A8.08c	2
SPAC4A8.09c	2
SPAC4A8.10	7
SPAC4A8.11c	2
SPAC4A8.12c	2
SPAC4A8.13c	2
SPAC4A8.14	7
SPAC4A8.15c	2
SPAC4A8.16c	2
SPAC823.17	7
SPAC823.03	2
SPAC823.04	7
SPAC823.05c	7
SPAC823.06	7
SPAC823.07	7
SPAC823.08c	7
SPAC823.09c	7
SPAC823.10c	7
SPAC823.11	7
SPAC823.12	7
SPAC823.13c	7
SPAC823.14	7
SPAC823.15	2
SPAC823.16c	2
SPAC7D4.14c	2
SPAC7D4.13c	12
SPAC7D4.12c	7
SPAC7D4.11c	7
SPAC7D4.10	7
SPAC7D4.09c	7
SPAC7D4.15c	7
SPAC7D4.08	8
SPAC7D4.07c	2
SPAC7D4.06c	2
SPAC7D4.05	10
SPAC7D4.04	2
SPAC7D4.03c	7
SPAC7D4.02c	2
SPAC4F8.15	2
SPAC4F8.14c	2
SPAC4F8.13c	2
SPAC4F8.12c	2
SPAC4F8.11	2
SPAC4F8.10c	2
SPAC4F8.08	8
SPAC4F8.07c	2
SPAC4F8.06	7
SPAC4F8.05c	7
SPAC4F8.04	7
SPAC4F8.03	7
SPAC4F8.02c	7
SPAC4F8.01	2
SPAC644.04	2
SPAC644.05c	7
SPAC644.06c	2
SPAC644.07	7
SPAC644.08	7
SPAC644.09	7
SPAC644.10	2
SPAC644.11c	7
SPAC644.12	2
SPAC644.13c	7
SPAC644.14c	2
SPAC644.15	2
SPAC644.16	2
SPAC644.17c	7
SPAC644.18c	7
SPAPB2B4.01c	7
SPAPB2B4.02	2
SPAPB2B4.03	2
SPAPB2B4.04c	2
SPAPB2B4.05	7
SPAPB2B4.06	7
SPAPB2B4.07	10
SPAC6F6.01	2
SPAC6F6.02c	2
SPAC6F6.03c	7
SPAC6F6.04c	7
SPAC6F6.05	7
SPAC6F6.06c	2
SPAC6F6.07c	2
SPAC6F6.08c	2
SPAC6F6.09	2
SPAC6F6.10c	2
SPAC6F6.11c	7
SPAC6F6.12	2
SPAC6F6.13c	10
SPAC6F6.19	10
SPAC6F6.15	2
SPAC6F6.16c	2
SPAC6F6.17	2
SPAC1805.01c	7
SPAC1805.02c	7
SPAC1805.03c	7
SPAC1805.04	2
SPAC1805.05	2
SPAC1805.06c	7
SPAC1805.07c	2
SPAC1805.08	2
SPAC1805.18	7
SPAC1805.09c	7
SPAC1805.10	12
SPAC1805.11c	7
SPAC1805.12c	2
SPAC1805.13	7
SPAC1805.14	12
SPAC1805.15c	2
SPAC1805.16c	7
SPAC1805.17	2
SPAC1B2.02c	7
SPAC1B2.03c	2
SPAC1B2.06	8
SPAC1B2.04	2
SPAC1B2.05	2
SPAC3F10.02c	2
SPAC3F10.03	2
SPAC3F10.04	2
SPAC3F10.05c	10
SPAC3F10.06c	7
SPAC3F10.07c	2
SPAC3F10.19	2
SPAC3F10.08c	7
SPAC3F10.09	7
SPAC3F10.10c	2
SPAC3F10.11c	2
SPAC3F10.12c	7
SPAC3F10.13	2
SPAC3F10.15c	10
SPAC3F10.16c	7
SPAC3F10.17	7
SPAC3F10.18c	7
SPAC8F11.02c	7
SPAC8F11.03	2
SPAC8F11.04	7
SPAC8F11.05c	12
SPAC8F11.06	2
SPAC8F11.07c	2
SPAC8F11.08c	10
SPAC8F11.09c	7
SPAC8F11.10c	2
SPACUNK4.17	10
SPACUNK4.19	8
SPACUNK4.16c	7
SPACUNK4.15	7
SPACUNK4.14	2
SPACUNK4.13c	10
SPACUNK4.12c	2
SPACUNK4.11c	2
SPACUNK4.10	7
SPACUNK4.20	6
SPACUNK4.09	10
SPACUNK4.08	7
SPACUNK4.07c	2
SPACUNK4.06c	2
SPAPYUK71.03c	2
SPAC513.01c	2
SPAC513.02	10
SPAC513.03	2
SPAC513.04	8
SPAC513.05	2
SPAC513.06c	7
SPAC513.07	7
SPAC2E1P3.01	10
SPAC2E1P3.02c	2
SPAC2E1P3.03c	4
SPAC2E1P3.04	2
SPAC2E1P3.05c	10
SPAPB2C8.01	7
SPAPB24D3.01	2
SPAPB24D3.02c	7
SPAPB24D3.03	7
SPAPB24D3.04c	2
SPAPB24D3.05c	13
SPAPB24D3.06c	10
SPAPB24D3.07c	8
SPAPB24D3.08c	10
SPAPB24D3.09c	2
SPAPB24D3.10c	2
SPAPB1A11.06	6
SPAPB1A11.01	2
SPAPB1A11.02	10
SPAPB1A11.03	10
SPAPB1A11.04c	2
SPAC31G5.01	2
SPAC31G5.02	7
SPAC31G5.03	7
SPAC31G5.04	2
SPAC31G5.05c	2
SPAC31G5.06	10
SPAC31G5.07	2
SPAC31G5.08	7
SPAC31G5.09c	2
SPAC31G5.10	7
SPAC31G5.11	2
SPAC31G5.12c	2
SPAC31G5.21	10
SPAC31G5.13	2
SPAC31G5.14	7
SPAC31G5.15	2
SPAC31G5.16c	2
SPAC31G5.17c	7
SPAC31G5.18c	2
SPAC31G5.19	2
SPAC1786.01c	2
SPAC1786.04	8
SPAC1786.02	7
SPAC1786.03	2
SPAC24C9.02c	7
SPAC24C9.03	7
SPAC24C9.16c	2
SPAC24C9.04	2
SPAC24C9.05c	10
SPAC24C9.06c	7
SPAC24C9.07c	2
SPAC24C9.08	7
SPAC24C9.09	7
SPAC24C9.10c	7
SPAC24C9.11	7
SPAC24C9.12c	7
SPAC24C9.13c	7
SPAC24C9.14	7
SPAC24C9.15c	2
SPAC16A10.01	7
SPAC16A10.02	2
SPAC16A10.03c	7
SPAC16A10.04	2
SPAC16A10.05c	2
SPAC16A10.06c	2
SPAC16A10.07c	2
SPAC16A10.08c	12
SPAC589.02c	2
SPAC589.03c	7
SPAC589.04	7
SPAC589.05c	2
SPAC589.06c	7
SPAC589.07c	2
SPAC589.08c	2
SPAC589.09	7
SPAC589.10c	7
SPAC589.11	2
SPAC589.12	7
SPAC688.02c	2
SPAC688.03c	10
SPAC688.04c	2
SPAC688.06c	2
SPAC688.07c	2
SPAC688.08	2
SPAC688.09	7
SPAC688.10	2
SPAC688.11	2
SPAC688.12c	12
SPAC688.13	10
SPAC688.14	2
SPAC688.16	10
SPAC3G9.16c	7
SPAC3G9.15c	7
SPAC3G9.14	2
SPAC3G9.13c	7
SPAC3G9.12	2
SPAC3G9.11c	7
SPAC3G9.17	7
SPAC3G9.10c	2
SPAC3G9.09c	2
SPAC3G9.08	2
SPAC3G9.07c	2
SPAC3G9.06	7
SPAC3G9.05	7
SPAC3G9.04	2
SPAC3G9.03	2
SPAC3G9.02	7
SPAC3G9.01	2
SPAC1486.01	2
SPAC1486.02c	2
SPAC1486.03c	2
SPAC1486.04c	2
SPAC1486.05	2
SPAC1486.11	7
SPAC1486.06	7
SPAC1486.07c	7
SPAC1486.08	7
SPAC1486.09	7
SPAC1486.10	2
SPAC6G10.02c	2
SPAC6G10.03c	7
SPAC6G10.04c	2
SPAC6G10.05c	2
SPAC6G10.06	7
SPAC6G10.07	2
SPAC6G10.08	7
SPAC6G10.09	2
SPAC6G10.10c	10
SPAC6G10.11c	7
SPAC6G10.12c	2
SPAC6G9.01c	10
SPAC6G9.02c	7
SPAC6G9.03c	7
SPAC6G9.04	2
SPAC6G9.05	7
SPAC6G9.06c	2
SPAC6G9.07c	2
SPAC6G9.08	2
SPAC6G9.09c	7
SPAC6G9.10c	2
SPAC6G9.11	2
SPAC6G9.12	2
SPAC6G9.13c	2
SPAC6G9.14	7
SPAC6G9.15c	2
SPAC6G9.16c	2
SPAC652.01	10
SPAPB1E7.01c	10
SPAPB1E7.02c	2
SPAPB1E7.03	7
SPAPB1E7.04c	7
SPAPB1E7.05	2
SPAPB1E7.06c	2
SPAPB1E7.07	2
SPAPB1E7.08c	7
SPAPB1E7.09	2
SPAPB1E7.10	2
SPAPB1E7.11c	2
SPAPB1E7.12	2
SPAPB1E7.14	2
SPAC2E1P5.01c	2
SPAC2E1P5.02c	10
SPAC2E1P5.03	7
SPAC2E1P5.04c	2
SPAC2E1P5.05	7
SPAC26A3.01	2
SPAC26A3.02	2
SPAC26A3.03c	7
SPAC26A3.04	7
SPAC26A3.05	7
SPAC26A3.06	7
SPAC26A3.07c	7
SPAC26A3.08	2
SPAC26A3.09c	2
SPAC26A3.10	7
SPAC26A3.11	7
SPAC26A3.12c	2
SPAC26A3.13c	4
SPAC26A3.14c	2
SPAC26A3.15c	2
SPAC26A3.16	2
SPAC26A3.17c	7
SPAC8E11.10	7
SPAC8E11.12	8
SPAC8E11.08c	6
SPAC8E11.07c	2
SPAC8E11.06	8
SPAC8E11.05c	10
SPAC8E11.04c	7
SPAC8E11.03c	2
SPAC8E11.02c	2
SPAC8E11.01c	7
SPAC959.02	7
SPAC959.03c	7
SPAC959.11	12
SPAC959.10	7
SPAC959.04c	7
SPAC959.05c	7
SPAC959.06c	10
SPAC959.07	7
SPAC959.08	7
SPAC959.09c	2
SPAP32A8.02	7
SPAP32A8.03c	7
SPAC3H5.12c	7
SPAC3H5.13	7
SPAC3H5.11	7
SPAC3H5.10	7
SPAC3H5.09c	7
SPAC3H5.08c	7
SPAC3H5.07	2
SPAC3H5.06c	2
SPAC3H5.05c	7
SPAC3H5.04	7
SPAC3A11.14c	2
SPAC3A11.13	2
SPAC3A11.12c	2
SPAC3A11.11c	10
SPAC3A11.10c	10
SPAC3A11.09	2
SPAC3A11.08	2
SPAC3A11.07	7
SPAC3A11.06	7
SPAC3A11.05c	2
SPAC3A11.04	7
SPAC3A11.03	7
SPAC3A11.02	10
SPAC328.01c	2
SPAC328.02	2
SPAC328.03	2
SPAC328.04	7
SPAC328.05	7
SPAC328.06	2
SPAC328.07c	7
SPAC328.08c	2
SPAC328.09	7
SPAC328.10c	7
SPAC16E8.01	7
SPAC16E8.02	7
SPAC16E8.03	7
SPAC16E8.04c	7
SPAC16E8.05c	12
SPAC16E8.06c	7
SPAC16E8.07c	7
SPAC16E8.08	2
SPAC16E8.09	2
SPAC16E8.10c	7
SPAC16E8.11c	2
SPAC16E8.18	8
SPAC16E8.12c	2
SPAC16E8.13	7
SPAC16E8.14c	7
SPAC16E8.15	2
SPAC16E8.16	2
SPAC16E8.17c	7
SPAC16E8.18c	12
SPAC1B1.01	2
SPAC1B1.02c	7
SPAC1B1.03c	2
SPAC1B1.04c	7
SPAC17A2.01	2
SPAC17A2.02c	7
SPAC17A2.03c	7
SPAC17A2.04c	7
SPAC17A2.05	7
SPAC17A2.06c	7
SPAC17A2.07c	12
SPAC17A2.08c	2
SPAC17A2.09c	2
SPAC17A2.10c	6
SPAC17A2.11	8
SPAC17A2.12	2
SPAC17A2.13c	2
SPAC17A2.14	2
SPAC17G6.02c	2
SPAC17G6.03	7
SPAC17G6.04c	2
SPAC17G6.05c	7
SPAC17G6.06	7
SPAC17G6.07c	7
SPAC17G6.08	7
SPAC17G6.09	7
SPAC17G6.10	2
SPAC17G6.11c	7
SPAC17G6.12	2
SPAC17G6.13	12
SPAC17G6.14c	2
SPAC17G6.15c	7
SPAC17G6.16c	2
SPAC17G6.17	2
SPAC1142.01	2
SPAC1142.02c	7
SPAC1142.03c	2
SPAC1142.04	7
SPAC1142.05	2
SPAC1142.06	2
SPAC1142.07c	2
SPAC1142.08	2
SPAC1142.09	6
SPAC8C9.03	2
SPAC8C9.04	12
SPAC8C9.05	7
SPAC8C9.06c	2
SPAC8C9.07	7
SPAC8C9.08	7
SPAC8C9.09c	12
SPAC8C9.10c	7
SPAC8C9.11	2
SPAC8C9.19	2
SPAC8C9.12c	7
SPAC8C9.14	2
SPAC8C9.15c	2
SPAC8C9.16c	7
SPAC8C9.17c	2
SPAC15A10.01	2
SPAC15A10.02	2
SPAC15A10.03c	2
SPAC15A10.04c	7
SPAC15A10.05c	7
SPAC15A10.17	7
SPAC15A10.06	7
SPAC15A10.07	12
SPAC15A10.08	2
SPAC15A10.09c	7
SPAC15A10.10	10
SPAC15A10.11	2
SPAC15A10.12c	7
SPAC15A10.13	2
SPAC15A10.15	2
SPAC15A10.16	2
SPAC15E1.02c	10
SPAC15E1.03	2
SPAC15E1.04	2
SPAC15E1.05c	7
SPAC15E1.06	2
SPAC15E1.07c	2
SPAC15E1.08	2
SPAC15E1.09	2
SPAC15E1.10	7
SPAP7G5.02c	7
SPAP7G5.03	2
SPAP7G5.04c	2
SPAP7G5.05	2
SPAP7G5.06	2
SPAP4C9.02	7
SPAC1556.01c	2
SPAC1556.02c	7
SPAC1556.03	7
SPAC1556.04c	7
SPAC1556.05c	7
SPAC1556.06	12
SPAC1556.07	2
SPAC1556.08c	2
SPAC1F12.02c	2
SPAC1F12.04c	7
SPAC1F12.05	7
SPAC1F12.06c	7
SPAC1F12.07	7
SPAC1F12.08	7
SPAC1F12.09	7
SPAC1F12.10c	7
SPAC4H3.17	6
SPAC4H3.01	7
SPAC4H3.02c	2
SPAC4H3.03c	7
SPAC4H3.04c	10
SPAC4H3.05	2
SPAC4H3.16	12
SPAC4H3.06	10
SPAC4H3.07c	7
SPAC4H3.08	7
SPAC4H3.09	7
SPAC4H3.10c	2
SPAC4H3.11c	2
SPAC4H3.13	7
SPAC4H3.14c	2
SPAC1071.01c	2
SPAC1071.02	2
SPAC1071.03c	7
SPAC1071.04c	7
SPAC1071.05	7
SPAC1071.06	2
SPAC1071.07c	7
SPAC1071.08	2
SPAC1071.09c	10
SPAC1071.10c	2
SPAC1071.13	6
SPAC1071.11	2
SPAC1071.12c	2
SPAC926.02	10
SPAC926.10	12
SPAC926.03	2
SPAC926.04c	2
SPAC926.05c	7
SPAC926.06c	10
SPAC926.07c	7
SPAC926.08c	2
SPAC926.09c	2
SPAC323.01c	7
SPAC323.02c	2
SPAC323.03c	7
SPAC323.04	10
SPAC323.05c	7
SPAC323.06c	7
SPAC323.07c	7
SPAC323.08	2
SPAC2F3.01	2
SPAC2F3.17c	2
SPAC2F3.02	7
SPAC2F3.03c	2
SPAC2F3.04c	2
SPAC2F3.05c	7
SPAC2F3.06c	2
SPAC2F3.07c	6
SPAC2F3.08	2
SPAC2F3.09	2
SPAC2F3.18c	10
SPAC2F3.10	7
SPAC2F3.11	7
SPAC2F3.12c	7
SPAC2F3.13c	2
SPAC2F3.14c	2
SPAC2F3.15	2
SPAC2F3.16	7
SPAC11G7.01	2
SPAC11G7.02	2
SPAC11G7.03	2
SPAC11G7.04	7
SPAC11G7.05c	7
SPAC11G7.06c	12
SPAPB18E9.01	7
SPAPB18E9.02c	2
SPAPB18E9.04c	8
SPAPB18E9.05c	6
SPAPB15E9.01c	2
SPAPB15E9.02c	6
SPAPB15E9.06	6
SPAPB15E9.03c	4
SPAC27E2.01	7
SPAC27E2.02	2
SPAC27E2.03c	10
SPAC27E2.11c	12
SPAC27E2.04c	6
SPAC27E2.12	8
SPAC27E2.14	8
SPAC27E2.05	2
SPAC27E2.06c	7
SPAC27E2.07	2
SPAC27E2.08	4
SPAC27E2.09	2
SPAC27E2.10c	2
SPAPJ698.02c	2
SPAPJ698.03c	2
SPAC19G12.01c	2
SPAC19G12.02c	2
SPAC19G12.03	2
SPAC19G12.04	7
SPAC19G12.05	7
SPAC19G12.06c	2
SPAC19G12.07c	7
SPAC19G12.08	2
SPAC19G12.09	10
SPAC19G12.10c	2
SPAC19G12.17	2
SPAC19G12.11	2
SPAC19G12.12	2
SPAC19G12.13c	2
SPAC19G12.14	2
SPAC19G12.15c	2
SPAC19G12.16c	10
SPAC23A1.02c	7
SPAC23A1.03	2
SPAC23A1.04c	2
SPAC23A1.05	7
SPAC23A1.06c	2
SPAC23A1.07	7
SPAC23A1.08c	2
SPAC23A1.09	2
SPAC23A1.10	2
SPAC23A1.11	7
SPAC23A1.12c	7
SPAC23A1.20	12
SPAC23A1.14c	7
SPAC23A1.15c	7
SPAC23A1.16c	7
SPAC23A1.17	2
SPAC23A1.18c	2
SPAC23A1.19c	2
SPAC26H5.02c	7
SPAC26H5.03	2
SPAC26H5.04	7
SPAC26H5.05	2
SPAC26H5.06	2
SPAC26H5.07c	7
SPAC26H5.08c	7
SPAC26H5.09c	7
SPAC26H5.10c	7
SPAC26H5.11	7
SPAC26H5.12	2
SPAC26H5.13c	7
SPAC25B8.01	2
SPAC25B8.02	2
SPAC25B8.03	2
SPAC25B8.04c	2
SPAC25B8.05	7
SPAC25B8.06c	7
SPAC25B8.20	12
SPAC25B8.07c	7
SPAC25B8.08	10
SPAC25B8.09	7
SPAC25B8.10	7
SPAC25B8.11	7
SPAC25B8.12c	10
SPAC25B8.13c	2
SPAC25B8.14	2
SPAC25B8.15c	7
SPAC25B8.16	2
SPAC25B8.17	7
SPAC25B8.18	10
SPAC25B8.19c	2
SPAC683.03	8
SPAC683.02c	10
SPAC694.02	10
SPAC694.03	7
SPAC694.04c	10
SPAC694.05c	7
SPAC694.06c	2
SPAC1F7.01c	2
SPAC1F7.02c	7
SPAC1F7.03	2
SPAC1F7.14c	10
SPAC1F7.04	2
SPAC1F7.05	2
SPAC1F7.06	10
SPAC1F7.07c	2
SPAC1F7.08	2
SPAC1F7.09c	2
SPAC1F7.10	10
SPAC1F7.11c	7
SPAC1F7.12	10
SPAC1F7.13c	7
SPAC21E11.03c	2
SPAC21E11.04	2
SPAC21E11.05c	2
SPAC21E11.06	2
SPAC21E11.07	7
SPAC21E11.08	7
SPAC2C4.03c	2
SPAC2C4.04c	10
SPAC2C4.05	7
SPAC2C4.06c	7
SPAC2C4.07c	2
SPAC2C4.08	10
SPAC2C4.09	7
SPAC2C4.10c	2
SPAC2C4.11c	7
SPAC2C4.12c	7
SPAC2C4.13	7
SPAC2C4.14c	2
SPAC2C4.15c	2
SPAC2C4.16c	7
SPAC2C4.17c	2
SPAC25G10.01	7
SPAC25G10.02	2
SPAC25G10.03	2
SPAC25G10.04c	2
SPAC25G10.05c	2
SPAC25G10.06	7
SPAC25G10.07c	2
SPAC25G10.08	2
SPAC25G10.09c	7
SPAC27F1.02c	2
SPAC27F1.03c	2
SPAC27F1.04c	2
SPAC27F1.05c	10
SPAC27F1.10	8
SPAC27F1.06c	2
SPAC27F1.07	7
SPAC27F1.08	2
SPAC27F1.09c	2
SPAC23D3.01	7
SPAC23D3.02	2
SPAC23D3.03c	7
SPAC23D3.04c	2
SPAC23D3.05c	13
SPAC23D3.06c	2
SPAC23D3.07	2
SPAC23D3.08	2
SPAC23D3.09	2
SPAC23D3.10c	2
SPAC23D3.11	7
SPAC23D3.12	2
SPAC23D3.16	2
SPAC23D3.17	10
SPAC23D3.13c	7
SPAC23D3.14c	7
SPAC1527.01	2
SPAC1527.02	7
SPAC1527.03	7
SPAC30.01c	2
SPAC30.02c	7
SPAC30.03c	7
SPAC30.04c	2
SPAC29E6.01	2
SPAC29E6.02	2
SPAC29E6.03c	7
SPAC29E6.04	2
SPAC29E6.05c	2
SPAC29E6.06c	7
SPAC29E6.07	8
SPAC29E6.08	2
SPAC29E6.09	12
SPAC29E6.10c	7
SPAC16.01	2
SPAC16.02c	2
SPAC16.03c	2
SPAC16.04	2
SPAC16.05c	7
SPAC9E9.01	6
SPAC9E9.02	6
SPAC9E9.17c	6
SPAC9E9.03	2
SPAC9E9.04	7
SPAC9E9.05	2
SPAC9E9.06c	7
SPAC9E9.07c	2
SPAC9E9.08	2
SPAC9E9.09c	2
SPAC9E9.10c	2
SPAC9E9.11	2
SPAC9E9.12c	2
SPAC9E9.13	2
SPAC9E9.14	2
SPAC9E9.15	7
SPAC17C9.16c	2
SPAC17C9.15c	12
SPAC17C9.14	7
SPAC17C9.13c	2
SPAC17C9.12	2
SPAC17C9.11c	7
SPAC17C9.10	2
SPAC17C9.09c	7
SPAC17C9.08	2
SPAC17C9.07	7
SPAC17C9.06	7
SPAC17C9.05c	2
SPAC17C9.03	2
SPAC17C9.02c	2
SPAC17C9.01c	2
SPAC1851.02	7
SPAC1851.03	2
SPAC1851.04c	2
SPAC27D7.02c	7
SPAC27D7.03c	2
SPAC27D7.04	2
SPAC27D7.05c	2
SPAC27D7.06	7
SPAC27D7.07c	2
SPAC27D7.08c	2
SPAC27D7.09c	10
SPAC27D7.11c	10
SPAC27D7.12c	2
SPAC27D7.13c	2
SPAC27D7.14c	2
SPAC637.03	10
SPAC637.04	2
SPAC637.05c	2
SPAC637.06	2
SPAC637.07	2
SPAC637.08	7
SPAC637.09	7
SPAC637.10c	2
SPAC637.11	2
SPAC637.12c	2
SPAC637.13c	7
SPAC31F12.01	2
SPAC12B10.01c	7
SPAC12B10.02c	2
SPAC12B10.03	2
SPAC12B10.04	7
SPAC12B10.05	7
SPAC12B10.06c	7
SPAC12B10.07	2
SPAC12B10.08c	7
SPAC12B10.09	7
SPAC12B10.10	2
SPAC12B10.11	2
SPAC12B10.12c	2
SPAC12B10.13	7
SPAC12B10.14c	10
SPAC12B10.15c	7
SPAC12B10.16c	7
SPAC1093.07	6
SPAC1093.01	2
SPAC1093.02	7
SPAC1093.03	7
SPAC1093.04c	2
SPAC1093.05	7
SPAC1093.06c	2
SPAC30C2.02	2
SPAC30C2.03	12
SPAC30C2.04	2
SPAC30C2.05	7
SPAC30C2.06c	7
SPAC30C2.07	2
SPAC30C2.08	10
SPAC1635.01	7
SPAC144.01	12
SPAC144.19	12
SPAC144.02	2
SPAC144.03	2
SPAC144.04c	7
SPAC144.05	7
SPAC144.06	7
SPAC144.07c	7
SPAC144.08	2
SPAC144.09c	2
SPAC144.10c	2
SPAC144.11	7
SPAC144.12	2
SPAC144.13c	2
SPAC144.14	2
SPAC144.15c	7
SPAC144.16	7
SPAC144.17c	7
SPAC144.18	2
SPAC1834.01	2
SPAC1834.02	7
SPAC1834.03c	2
SPAC1834.04	2
SPAC1834.05	7
SPAC1834.06c	2
SPAC1834.07	2
SPAC1834.08	2
SPAC1834.09	10
SPAC1834.10c	7
SPAC1834.11c	7
SPAC1834.13	6
SPAC17D4.01	7
SPAC17D4.02	2
SPAC17D4.03c	2
SPAC17D4.04	2
SPAC458.02c	7
SPAC458.03	2
SPAC458.04c	2
SPAC458.05	2
SPAC458.06	2
SPAC458.07	2
SPAPYUG7.02c	2
SPAPYUG7.03c	2
SPAPYUG7.04c	2
SPAPYUG7.05	7
SPAPYUG7.06	2
SPAC1782.01	2
SPAC1782.02c	10
SPAC1782.03	2
SPAC1782.04	7
SPAC1782.05	2
SPAC1782.06c	2
SPAC1782.07	2
SPAC1782.08c	7
SPAC1782.09c	2
SPAC1782.10c	2
SPAC1782.11	2
SPAC1782.12c	10
SPAC11H11.01	2
SPAC11H11.02c	12
SPAC11H11.03c	7
SPAC11H11.04	2
SPAC11H11.05c	2
SPAC11H11.06	2
SPAC22F8.02c	2
SPAC22F8.03c	8
SPAC22F8.04	2
SPAC22F8.05	7
SPAC22F8.06	2
SPAC22F8.07c	2
SPAC22F8.08	2
SPAC22F8.09	7
SPAC22F8.10c	2
SPAC22F8.11	2
SPAC22F8.12c	2
SPAC20G4.01	7
SPAC20G4.02c	2
SPAC20G4.03c	2
SPAC20G4.04c	2
SPAC20G4.05c	7
SPAC20G4.06c	2
SPAC20G4.09	8
SPAC20G4.07c	2
SPAC20G4.08	2
SPAC4F10.02	2
SPAC4F10.03c	2
SPAC4F10.04	2
SPAC4F10.05c	7
SPAC4F10.06	7
SPAC4F10.07c	2
SPAC4F10.08	8
SPAC4F10.09c	7
SPAC4F10.10c	2
SPAC4F10.11	2
SPAC4F10.12	2
SPAC4F10.13c	2
SPAC4F10.14c	2
SPAC4F10.15c	2
SPAC4F10.16c	7
SPAC4F10.17	10
SPAC4F10.18	2
SPAC4F10.19c	7
SPAC4F10.20	2
SPAC19B12.01	10
SPAC4F10.22	10
SPAC19B12.02c	2
SPAC19B12.03	2
SPAC19B12.04	7
SPAC19B12.05c	2
SPAC19B12.06c	10
SPAC19B12.07c	10
SPAC19B12.08	2
SPAC19B12.09	2
SPAC19B12.10	2
SPAC19B12.11c	7
SPAC19B12.12c	2
SPAC19B12.13	7
SPAPB8E5.02c	2
SPAPB8E5.03	2
SPAPB8E5.04c	7
SPAPB8E5.05	2
SPAPB8E5.06c	2
SPAPB8E5.07c	7
SPAPB8E5.08	8
SPAPB8E5.09	2
SPAPB8E5.10	10
SPAC1B3.01c	7
SPAC1B3.02c	7
SPAC1B3.03c	2
SPAC1B3.04c	7
SPAC1B3.05	2
SPAC1B3.06c	10
SPAC1B3.07c	2
SPAC1B3.21	7
SPAC1B3.08	10
SPAC1B3.09c	7
SPAC1B3.10c	7
SPAC1B3.20	12
SPAC1B3.11c	2
SPAC1B3.12c	2
SPAC1B3.13	7
SPAC1B3.14	2
SPAC1B3.15c	7
SPAC1B3.16c	2
SPAC1B3.17	2
SPAC1B3.18c	7
SPAC1952.01	7
SPAC1952.02	7
SPAC1952.03	7
SPAC1952.04c	10
SPAC1952.05	2
SPAC1952.06c	7
SPAC1952.07	2
SPAC1952.08c	10
SPAC1952.09c	7
SPAC1952.10c	10
SPAC1952.11c	2
SPAC1952.12c	7
SPAC1952.13	2
SPAC1952.14c	7
SPAC1952.15c	2
SPAC1952.16	7
SPAC1952.17c	7
SPAC890.02c	2
SPAC890.03	2
SPAC890.04c	7
SPAC890.05	7
SPAC890.06	2
SPAC890.07c	2
SPAC890.08	7
SPAC22E12.01	2
SPAC22E12.02	7
SPAC22E12.03c	2
SPAC22E12.04	2
SPAC22E12.05c	7
SPAC22E12.06c	2
SPAC22E12.07	2
SPAC22E12.08	2
SPAC22E12.09c	2
SPAC22E12.10c	2
SPAC22E12.11c	7
SPAC22E12.13c	7
SPAC22E12.14c	2
SPAC22E12.16c	2
SPAC22E12.17c	7
SPAC22E12.18	10
SPAC22E12.19	2
SPAC2E12.02	2
SPAC2E12.03c	7
SPAC2E12.05	7
SPAC1006.01	2
SPAC1006.02	2
SPAC1006.03c	2
SPAC1006.04c	12
SPAC1006.05c	2
SPAC1006.06	2
SPAC1006.07	2
SPAC1006.08	2
SPAC1006.09	2
SPAC1250.05	7
SPAC1250.04c	2
SPAC1250.07	2
SPAC1250.03	7
SPAC1250.02	12
SPAC1250.01	2
SPAC29A4.20	2
SPAC29A4.19c	2
SPAC29A4.18	2
SPAC29A4.17c	7
SPAC29A4.16	2
SPAC29A4.15	7
SPAC29A4.14c	7
SPAC29A4.13	2
SPAC29A4.22	6
SPAC29A4.12c	12
SPAC29A4.11	2
SPAC29A4.10	2
SPAC29A4.09	7
SPAC29A4.08c	2
SPAC29A4.07	2
SPAC29A4.06c	7
SPAC29A4.05	2
SPAC29A4.23	12
SPAC29A4.04c	7
SPAC29A4.03c	7
SPAC29A4.02c	2
SPAC26F1.14c	10
SPAC26F1.13c	7
SPAC26F1.12c	7
SPAC26F1.11	6
SPAC26F1.10c	2
SPAC26F1.09	7
SPAC26F1.08c	7
SPAC26F1.07	7
SPAC26F1.06	2
SPAC26F1.05	8
SPAC26F1.04c	7
SPAC26F1.03	7
SPAC26F1.02	7
SPAC26F1.01	7
SPAPJ691.02	7
SPAPJ691.03	7
SPAC13D1.01c	4
SPAC19D5.09c	4
SPAC19D5.01	2
SPAC19D5.02c	7
SPAC19D5.03	2
SPAC19D5.04	2
SPAC19D5.05c	7
SPAC19D5.11c	2
SPAC19D5.06c	2
SPAC19D5.10c	6
SPAC19D5.07	2
SPAC14C4.01c	2
SPAC14C4.02c	2
SPAC14C4.16	2
SPAC14C4.03	2
SPAC14C4.04	10
SPAC14C4.05c	2
SPAC14C4.06c	2
SPAC14C4.07	7
SPAC14C4.08	2
SPAC14C4.09	2
SPAC14C4.10c	10
SPAC14C4.11	7
SPAC14C4.12c	2
SPAC14C4.13	2
SPAC14C4.14	2
SPAC14C4.15c	7
SPAPJ760.02c	2
SPAPJ760.03c	12
SPAC2H10.04	6
SPAC2H10.01	7
SPAC2H10.02c	7
SPAC11E3.01c	2
SPAC11E3.02c	2
SPAC11E3.03	2
SPAC11E3.04c	2
SPAC11E3.05	2
SPAC11E3.06	2
SPAC11E3.07	7
SPAC11E3.08c	2
SPAC11E3.09	2
SPAC11E3.10	10
SPAC11E3.11c	2
SPAC11E3.12	7
SPAC11E3.13c	2
SPAC11E3.14	7
SPAC11E3.15	7
SPAP8A3.02c	2
SPAP8A3.03	7
SPAP8A3.04c	2
SPAP8A3.05	2
SPAP8A3.06	2
SPAP8A3.07c	7
SPAP8A3.08	2
SPAP8A3.09c	2
SPAP8A3.10	7
SPAP8A3.11c	7
SPAP8A3.12c	2
SPAP8A3.13c	7
SPAP8A3.14c	2
SPAC4D7.01c	7
SPAC4D7.02c	7
SPAC4D7.15	2
SPAC4D7.03	2
SPAC4D7.04c	2
SPAC4D7.05	2
SPAC4D7.06c	7
SPAC4D7.07c	2
SPAC4D7.08c	2
SPAC4D7.09	2
SPAC4D7.10c	2
SPAC4D7.11	2
SPAC4D7.14	10
SPAC4D7.12c	7
SPAC4D7.13	2
SPAC3G6.01	2
SPAC3G6.02	2
SPAC3G6.03c	2
SPAC3G6.04	2
SPAC3G6.05	7
SPAC3G6.06c	2
SPAC3G6.07	12
SPAC3G6.08	7
SPAC3G6.09c	7
SPAC3G6.10c	7
SPAC3G6.11	2
SPAC3G6.13c	2
SPAC29B12.01	2
SPAC29B12.02c	2
SPAC29B12.03	2
SPAC29B12.04	2
SPAC29B12.05c	7
SPAC29B12.06c	2
SPAC29B12.07	7
SPAC29B12.08	2
SPAC29B12.10c	2
SPAC29B12.11c	7
SPAC29B12.12	7
SPAC29B12.13	7
SPAC29B12.14c	7
SPAC1039.01	7
SPAC1039.02	7
SPAC1039.03	10
SPAC1039.04	7
SPAC1039.05c	2
SPAC1039.06	7
SPAC1039.07c	10
SPAC1039.08	7
SPAC1039.09	2
SPAC1039.10	7
SPAC1039.11c	7
SPAC922.03	7
SPAC922.04	12
SPAC922.09	6
SPAC922.05c	7
SPAC922.06	7
SPAC922.07c	2
SPAC869.11	2
SPAC869.10c	7
SPAC869.09	10
SPAC869.08	7
SPAC869.07c	2
SPAC869.06c	10
SPAC869.05c	7
SPAC869.04	10
SPAC869.03c	7
SPAC869.02c	2
SPAC869.01	10
SPAC186.01	2
SPAC186.02c	10
SPAC186.03	7
SPAC186.04c	7
SPAC186.05c	7
SPAC186.06	10
SPAC186.07c	10
SPAC186.08c	7
SPAC186.09	7
SPAC750.01	10
SPAC750.02c	7
SPAC750.03c	10
SPAC750.04c	10
SPAC750.05c	10
SPAC750.06c	8
SPAC750.07c	8
SPAC750.08c	7
SPMIT.01	2
SPMIT.02	2
SPMIT.03	2
SPMIT.04	2
SPMIT.05	2
SPMIT.06	2
SPMIT.07	7
SPMIT.08	7
SPMIT.09	7
SPMIT.10	2
SPMIT.11	2
SPCP20C8.01c	10
SPCP20C8.02c	8
SPCP20C8.03	13
SPCP20C8.04	10
SPCC1884.01	8
SPCC1884.02	2
SPCC757.02c	10
SPCC757.03c	2
SPCC757.04	7
SPCC757.05c	7
SPCC757.06	8
SPCC757.07c	2
SPCC757.15	7
SPCC757.08	2
SPCC757.09c	2
SPCC757.10	7
SPCC757.11c	7
SPCC757.12	7
SPCC757.13	7
SPCC613.01	7
SPCC613.02	7
SPCC613.03	10
SPCC613.04c	2
SPCC613.05c	2
SPCC613.06	2
SPCC613.07	7
SPCC613.08	7
SPCC613.09	7
SPCC613.10	7
SPCC613.11c	10
SPCC613.12c	2
SPCC330.01c	2
SPCC330.02	2
SPCC330.19c	8
SPCC330.03c	7
SPCC330.04c	10
SPCC330.20	7
SPCC330.05c	2
SPCC330.21	8
SPCC330.06c	2
SPCC330.07c	7
SPCC330.08	2
SPCC330.09	7
SPCC330.10	2
SPCC330.11	2
SPCC330.12c	7
SPCC330.13	7
SPCC330.14c	7
SPCC320.14	2
SPCC320.13c	2
SPCC320.12	7
SPCC320.11c	7
SPCC320.10	7
SPCC320.09	7
SPCC320.08	7
SPCC320.07c	7
SPCC320.06	10
SPCC320.05	7
SPCC320.04c	7
SPCC320.03	7
SPCC1235.01	12
SPCC1235.02	2
SPCC1235.03	7
SPCC1235.04c	7
SPCC1235.05c	7
SPCC1235.16	7
SPCC1235.06	2
SPCC1235.07	2
SPCC1235.08c	7
SPCC1235.09	2
SPCC1235.10c	2
SPCC1235.11	7
SPCC1235.12c	12
SPCC1235.13	2
SPCC1235.17	6
SPCC1235.18	6
SPCC1235.14	2
SPCC1235.15	2
SPCC548.02c	13
SPCC548.03c.1	2
SPCC548.04	7
SPCC548.05c	7
SPCC548.06c	2
SPCC548.07c	2
SPCC1529.01	7
SPCC794.01c	2
SPCC794.02	7
SPCC794.03	7
SPCC794.04c	7
SPCC794.16	8
SPCC794.06	7
SPCC794.07	7
SPCC794.08	2
SPCC794.09c	2
SPCC794.10	2
SPCC794.11c	2
SPCC794.12c	2
SPCC794.15	12
SPCC553.12c	7
SPCC553.11c	7
SPCC553.10	10
SPCC553.09c	2
SPCC553.08c	7
SPCC553.07c	2
SPCC553.06	7
SPCC553.05c	13
SPCC553.04	10
SPCC553.03	7
SPCC553.02	7
SPCC553.01c	2
SPCC736.02	12
SPCC736.03c	7
SPCC736.04c	2
SPCC736.05	7
SPCC736.06	7
SPCC736.07c	7
SPCC736.08	2
SPCC736.09c	7
SPCC736.10c	7
SPCC736.11	2
SPCC736.12c	2
SPCC736.13	10
SPCC736.14	2
SPCC736.15	2
SPCC594.01	10
SPCC594.02c	10
SPCC594.03	8
SPCC594.04c	7
SPCC594.05c	2
SPCC594.06c	2
SPCC594.07c	2
SPCC1682.01	7
SPCC1682.02c	2
SPCC1682.03c	7
SPCC1682.04	2
SPCC1682.05c	7
SPCC1682.06	12
SPCC1682.07	2
SPCC1682.08c	7
SPCC1682.09c	7
SPCC1682.10	2
SPCC1682.11c	2
SPCC1682.12c	2
SPCC1682.13	2
SPCC1682.14	2
SPCC1682.15	10
SPCC1682.16	2
SPCC306.02c	7
SPCC306.03c	2
SPCC306.04c	2
SPCC306.05c	2
SPCC306.06c	7
SPCC306.07c	7
SPCC306.08c	7
SPCC306.09c	2
SPCC306.10	13
SPCC306.11	12
SPCC4G3.19	2
SPCC4G3.18	2
SPCC4G3.17	7
SPCC4G3.16	7
SPCC4G3.15c	2
SPCC4G3.14	7
SPCC4G3.13c	7
SPCC4G3.20	8
SPCC4G3.12c	10
SPCC4G3.11	2
SPCC4G3.10c	2
SPCC4G3.09c	7
SPCC4G3.08	2
SPCC4G3.07c	2
SPCC4G3.06c	7
SPCC4G3.05c	2
SPCC4G3.04c	2
SPCC4G3.03	10
SPCC4G3.02	2
SPCC364.07	7
SPCC364.06	2
SPCC364.05	7
SPCC364.04c	7
SPCC364.03	7
SPCC364.02c	7
SPCC364.01	2
SPCC970.11c	7
SPCC970.10c	2
SPCC970.09	2
SPCC970.08	7
SPCC970.07c	2
SPCC970.06	7
SPCC970.05	2
SPCC970.04c	2
SPCC970.03	7
SPCC970.02	7
SPCC970.12	2
SPCC970.01	2
SPCC10H11.01	2
SPCC10H11.02	2
SPCP31B10.02	10
SPCP31B10.03c	2
SPCP31B10.04	7
SPCP31B10.05	2
SPCP31B10.06	7
SPCP31B10.07	2
SPCP31B10.08c	2
SPCC962.01	7
SPCC962.02c	2
SPCC962.03c	2
SPCC962.04	7
SPCC962.05	7
SPCC962.06c	2
SPCC1672.01	7
SPCC1672.02c	2
SPCC1672.03c	7
SPCC1672.04c	7
SPCC1672.05c	7
SPCC1672.06c	2
SPCC1672.07	7
SPCC1672.08c	2
SPCC1672.09	7
SPCC1672.10	2
SPCC1672.11c	7
SPCC1672.12c	7
SPCC1183.01	2
SPCC1183.02	7
SPCC1183.03c	2
SPCC1183.04c	2
SPCC1183.05c	2
SPCC1183.06	2
SPCC1183.12	2
SPCC1183.07	7
SPCC1183.08c	2
SPCC1183.09c	2
SPCC1183.10	2
SPCC1183.11	2
SPCC31H12.02c	10
SPCC31H12.03c	7
SPCC31H12.04c	2
SPCC31H12.05c	2
SPCC31H12.06	7
SPCC31H12.07	7
SPCC31H12.08c	2
SPCC5E4.03c	2
SPCC5E4.04	2
SPCC5E4.05c	7
SPCC5E4.10c	10
SPCC5E4.06	2
SPCC5E4.07	2
SPCC16C4.19	2
SPCC16C4.01	7
SPCC16C4.20c	2
SPCC16C4.02c	10
SPCC16C4.03	2
SPCC16C4.04	12
SPCC16C4.05	2
SPCC16C4.06c	7
SPCC16C4.21	6
SPCC16C4.07	2
SPCC16C4.08c	2
SPCC16C4.09	2
SPCC16C4.22	2
SPCC16C4.10	2
SPCC16C4.11	2
SPCC16C4.12	7
SPCC16C4.13c	2
SPCC16C4.14c	2
SPCC16C4.15	7
SPCC16C4.16c	7
SPCC16C4.17	12
SPCC16C4.18c	2
SPCPJ732.01	2
SPCPJ732.02c	7
SPCPJ732.03	8
SPCC18B5.01c	2
SPCC18B5.02c	13
SPCC18B5.03	2
SPCC18B5.04	7
SPCC18B5.05c	7
SPCC18B5.06	2
SPCC18B5.07c	2
SPCC18B5.08c	7
SPCC18B5.09c	12
SPCC18B5.10c	7
SPCC18B5.11c	2
SPCC14G10.01	7
SPCC14G10.02	7
SPCC14G10.03c	7
SPCC14G10.04	7
SPCC1020.13c	7
SPCC1020.12c	2
SPCC1020.11c	7
SPCC1020.10	2
SPCC1020.09	2
SPCC1020.08	7
SPCC1020.07	7
SPCC1020.06c	2
SPCC1020.05	7
SPCC1020.14	4
SPCC1020.04c	2
SPCC1020.03	7
SPCC1020.02	2
SPCC1020.01c	2
SPCC1393.02c	7
SPCC1393.03	7
SPCC1393.04	2
SPCC1393.05	2
SPCC1393.06c	2
SPCC1393.07c	12
SPCC1393.08	2
SPCC1393.09c	7
SPCC1393.10	2
SPCC1393.14	2
SPCC1393.11	2
SPCC1393.12	12
SPCC1393.13	2
SPCC2H8.02	2
SPCC2H8.04	7
SPCC2H8.05c	12
SPCC63.02c	2
SPCC63.03	7
SPCC63.04	2
SPCC63.05	7
SPCC63.06	10
SPCC63.07	7
SPCC63.08c	2
SPCC63.10c	7
SPCC63.11	7
SPCC63.12c	2
SPCC63.13	10
SPCC63.14	7
SPCC16A11.01	7
SPCC16A11.02	7
SPCC16A11.03c	10
SPCC16A11.04	7
SPCC16A11.05c	2
SPCC16A11.06c	7
SPCC16A11.07	2
SPCC16A11.08	2
SPCC16A11.09c	7
SPCC16A11.10c	2
SPCC16A11.11	7
SPCC16A11.12c	2
SPCC16A11.13	2
SPCC16A11.14	2
SPCC16A11.15c	12
SPCC16A11.16c	2
SPCC16A11.17	2
SPCC24B10.02c	7
SPCC24B10.03	12
SPCC24B10.04	12
SPCC24B10.05	7
SPCC24B10.06	12
SPCC24B10.07	2
SPCC24B10.08c	2
SPCC24B10.09	7
SPCC24B10.10c	7
SPCC24B10.11c	7
SPCC24B10.12	7
SPCC24B10.13	2
SPCC24B10.14c	2
SPCC24B10.15	7
SPCC24B10.16c	2
SPCC24B10.17	7
SPCC24B10.18	10
SPCC24B10.19c	2
SPCC24B10.20	7
SPCC24B10.21	2
SPCC24B10.22	2
SPCPB16A4.02c	2
SPCPB16A4.03c	2
SPCPB16A4.04c	7
SPCPB16A4.05c	2
SPCPB16A4.07	12
SPCPB16A4.06c	12
SPCC1742.01	2
SPCC1795.12c	12
SPCC1795.11	2
SPCC1795.10c	7
SPCC1795.09	2
SPCC1795.08c	2
SPCC1795.07	7
SPCC1795.06	2
SPCC1795.05c	7
SPCC1795.04c	2
SPCC1795.03	2
SPCC1795.02c	7
SPCC1795.01c	2
SPCC895.03c	7
SPCC895.04c	7
SPCC895.05	2
SPCC895.06	7
SPCC895.07	2
SPCC895.08c	12
SPCC895.09c	10
SPCC825.01	7
SPCC825.02	2
SPCC825.03c	2
SPCC825.04c	2
SPCC825.05c	7
SPCC1259.01c	7
SPCC1259.02c	10
SPCC1259.03	2
SPCC1259.04	2
SPCC1259.05c	2
SPCC1259.06	7
SPCC1259.16	12
SPCC1259.07	2
SPCC1259.08	10
SPCC1259.09c	7
SPCC1259.10	2
SPCC1259.11c	7
SPCC1259.12c	7
SPCC1259.15c	2
SPCC1259.13	2
SPCC1259.14c	12
SPCC4B3.18	2
SPCC4B3.20	7
SPCC4B3.17	2
SPCC4B3.16	2
SPCC4B3.15	2
SPCC4B3.14	2
SPCC4B3.13	7
SPCC4B3.12	2
SPCC4B3.11c	7
SPCC4B3.10c	2
SPCC4B3.09c	7
SPCC4B3.08	2
SPCC4B3.07	2
SPCC4B3.06c	10
SPCC4B3.05c	7
SPCC4B3.04c	7
SPCC4B3.03c	10
SPCC4B3.02c	7
SPCC4B3.01	7
SPCP25A2.02c	2
SPCP25A2.03	7
SPCC550.01c	7
SPCC550.02c	2
SPCC550.03c	7
SPCC550.04c	7
SPCC550.05	2
SPCC550.06c	7
SPCC550.07	7
SPCC550.08	10
SPCC550.09	7
SPCC550.10	2
SPCC550.11	7
SPCC550.12	2
SPCC550.13	2
SPCC550.14	7
SPCC550.15c	7
SPCC4E9.01c	2
SPCC4E9.02	2
SPCC645.02	7
SPCC645.03c	2
SPCC645.04	2
SPCC645.05c	2
SPCC645.06c	2
SPCC645.07	2
SPCC645.08c	7
SPCC645.09	7
SPCC645.10	2
SPCC645.11c	10
SPCC645.12c	12
SPCC645.13	7
SPCC645.14c	2
SPCC23B6.01c	2
SPCC23B6.02c	7
SPCC23B6.03c	2
SPCC23B6.04c	7
SPCC23B6.05c	2
SPCC1322.01	2
SPCC1322.02	2
SPCC1322.03	2
SPCC1322.04	2
SPCC1322.05c	2
SPCC1322.06	2
SPCC1322.07c	8
SPCC1322.08	2
SPCC1322.09	10
SPCC1322.10	10
SPCC1322.11	2
SPCC1322.12c	2
SPCC1322.13	2
SPCC1322.14c	7
SPCC1322.15	2
SPCC1322.16	2
SPCC132.01c	7
SPCC132.02	2
SPCC132.03	12
SPCC132.04c	2
SPCC132.05c	13
SPCC338.18	8
SPCC338.17c	2
SPCC338.16	2
SPCC338.15	7
SPCC338.14	2
SPCC338.13	7
SPCC338.12	2
SPCC338.11c	2
SPCC338.10c	2
SPCC338.08	2
SPCC338.07c	2
SPCC338.06c	7
SPCC338.05c	2
SPCC338.04	7
SPCC338.02	8
SPCC338.03c	6
SPCC1281.01	2
SPCC1281.02c	2
SPCC1281.03c	7
SPCC1281.04	7
SPCC1281.05	2
SPCC1281.06c	7
SPCC1281.07c	7
SPCC1281.08	2
SPCC622.21	13
SPCC622.01c	8
SPCC622.02	8
SPCC622.03c	8
SPCC622.04	6
SPCC622.06c	8
SPCC622.07	8
SPCC622.08c	2
SPCC622.09	2
SPCC622.10c	7
SPCC622.11	10
SPCC622.12c	2
SPCC622.13c	2
SPCC622.14	7
SPCC622.15c	12
SPCC622.16c	2
SPCC622.17	2
SPCC622.18	7
SPCC622.19	7
SPCC61.01c	2
SPCC61.02	2
SPCC61.03	7
SPCC61.04c	7
SPCC61.05	12
SPCC11E10.01	7
SPCC11E10.02c	2
SPCC11E10.03	2
SPCC11E10.04	2
SPCC11E10.05c	2
SPCC11E10.06c	2
SPCC11E10.07c	2
SPCC11E10.08	2
SPCC11E10.09c	7
SPCC188.02	2
SPCC188.03	2
SPCC188.04c	2
SPCC188.06c	2
SPCC188.07	2
SPCC188.08c	2
SPCC188.09c	2
SPCC188.10c	13
SPCC188.14	8
SPCC188.11	2
SPCC188.12	2
SPCC188.13c	2
SPCC584.11c	7
SPCC584.12	8
SPCC584.13	7
SPCC584.14	10
SPCC584.15c	2
SPCC584.16c	12
SPCC584.01c	7
SPCC584.02	2
SPCC584.03c	7
SPCC584.04	2
SPCC584.05	7
SPCC1753.01c	2
SPCC1753.02c	2
SPCC1753.03c	2
SPCC1753.04	2
SPCC1753.05	2
SPCC162.12	2
SPCC162.11c	7
SPCC162.10	10
SPCC162.09c	2
SPCC162.08c	2
SPCC162.07	2
SPCC162.06c	7
SPCC162.05	2
SPCC162.04c.1	2
SPCC162.03	10
SPCC162.02c	10
SPCC162.01c	7
SPCC13B11.01	2
SPCC13B11.02c	8
SPCC13B11.03c	7
SPCC13B11.04c	2
SPCC777.02	7
SPCC777.03c	10
SPCC777.04	7
SPCC777.05	2
SPCC777.06c	10
SPCC777.07	7
SPCC777.08c	2
SPCC777.09c	2
SPCC777.10c	2
SPCC777.11	7
SPCC777.12c	7
SPCC777.17c	7
SPCC777.13	2
SPCC777.14	2
SPCC777.15	2
SPCC663.01c	2
SPCC663.02	7
SPCC663.17	7
SPCC663.03	2
SPCC663.04	2
SPCC663.18	7
SPCC663.05c	2
SPCC663.06c	7
SPCC663.07c	13
SPCC663.08c	7
SPCC663.09c	7
SPCC663.10	7
SPCC663.11	2
SPCC663.12	2
SPCC663.13c	7
SPCC663.14c	2
SPCC663.15c	10
SPCC1902.02	10
SPCC1902.01	2
SPCC417.02	2
SPCC417.03	6
SPCC417.05c	10
SPCC417.06c	2
SPCC417.07c	2
SPCC417.08	2
SPCC417.09c	7
SPCC417.10	7
SPCC417.11c	7
SPCC417.12	10
SPCC417.15	6
SPCC417.16	7
SPCC191.01	12
SPCC191.02c	7
SPCC191.03c	8
SPCC191.04c	8
SPCC191.05c	7
SPCC191.06	8
SPCC191.07	2
SPCC191.08	7
SPCC191.09c	2
SPCC191.10	8
SPCC191.11	2
SPCC1450.01c	13
SPCC1450.02	2
SPCC1450.03	7
SPCC1450.04	2
SPCC1450.05c	2
SPCC1450.06c	2
SPCC1450.07c	2
SPCC1450.08c	7
SPCC1450.09c	7
SPCC1450.10c	7
SPCC1450.11c	2
SPCC1450.12	10
SPCC1450.13c	2
SPCC1450.14c	2
SPCC1450.15	7
SPCC1450.16c	2
SPCC1442.01	2
SPCC1442.02	7
SPCC1442.03	7
SPCC1442.04c	7
SPCC1442.05c	7
SPCC1442.06	2
SPCC1442.07c	2
SPCC1442.08c	2
SPCC1442.09	2
SPCC1442.10c	2
SPCC1442.19	7
SPCC1442.11c	8
SPCC1442.12	2
SPCC1442.13c	7
SPCC1442.14c	7
SPCC1442.15c	2
SPCC1442.16c	7
SPCC1442.17c	7
SPCC285.03	7
SPCC285.04	7
SPCC285.05	7
SPCC285.06c	13
SPCC285.07c	2
SPCC285.08	7
SPCC285.09c	2
SPCC285.10c	7
SPCC285.11	2
SPCC285.12	2
SPCC285.13c	2
SPCC285.14	7
SPCC285.15c	2
SPCC285.16c	2
SPCC285.17	2
SPCC1223.01	7
SPCC1223.02	2
SPCC1223.03c	7
SPCC1223.04c	2
SPCC1223.15c	2
SPCC1223.05c	7
SPCC1223.06	2
SPCC1223.07c	7
SPCC1223.08c	2
SPCC1223.09	2
SPCC1223.10c	2
SPCC1223.11	2
SPCC1223.12c	2
SPCC1223.13	2
SPCC1223.14	7
SPCC297.03	2
SPCC297.04c	2
SPCC297.05	7
SPCC297.06c	10
SPCC737.02c	7
SPCC737.03c	2
SPCC737.04	12
SPCC737.05	7
SPCC737.06c	7
SPCC737.07c	7
SPCC737.08	2
SPCC737.09c	2
SPCC74.09	10
SPCC74.01	7
SPCC74.02c	2
SPCC74.03c	2
SPCC74.04	7
SPCC74.05	7
SPCC74.06	2
SPCC18.01c	7
SPCC18.02	7
SPCC18.03	7
SPCC18.04	2
SPCC18.05c	7
SPCC18.06c	2
SPCC18.19c	7
SPCC18.07	7
SPCC18.08	7
SPCC18.09c	2
SPCC18.10	7
SPCC18.11c	2
SPCC18.12c	7
SPCC18.13	7
SPCC18.14c	7
SPCC18.20	6
SPCC18.15	7
SPCC18.16c	2
SPCC18.17c	7
SPCC18.18c	7
SPCC290.02	7
SPCC290.03c	2
SPCC290.04	2
SPCC4F11.02	2
SPCC4F11.03c	12
SPCC4F11.04c	2
SPCC4F11.05	6
SPCC1906.01	2
SPCC1906.02c	10
SPCC1906.03.1	2
SPCC1906.04	7
SPCC1739.01	10
SPCC1739.02c	7
SPCC1739.03	2
SPCC1739.04c	2
SPCC1739.05	7
SPCC1739.06c	2
SPCC1739.07	2
SPCC1739.08c	10
SPCC1739.09c	2
SPCC1739.10	10
SPCC1739.11c	2
SPCC1739.12	2
SPCC1739.13	2
SPCC1739.14	2
SPCC1739.15	7
SPCPB1C11.01	2
SPCPB1C11.02	7
SPCPB1C11.03	7
SPCC576.01c	2
SPCC576.19c	6
SPCC576.02	10
SPCC576.03c	2
SPCC576.04	7
SPCC576.05	7
SPCC576.06c	7
SPCC576.07	7
SPCC576.08c	7
SPCC576.09	7
SPCC576.10c	2
SPCC576.11	7
SPCC576.12c	2
SPCC576.13	2
SPCC576.14	7
SPCC576.15c	2
SPCC576.16c	13
SPCC576.17c	7
SPCC126.01c	10
SPCC126.02c	2
SPCC126.03	2
SPCC126.04c	2
SPCC126.05c	7
SPCC126.06	7
SPCC126.07c	7
SPCC126.08c	7
SPCC126.09	7
SPCC126.10	7
SPCC126.11c	10
SPCC126.12	10
SPCC126.13c	7
SPCC126.14	7
SPCC126.15c	7
SPCC1620.01c	2
SPCC1620.02.1	2
SPCC1620.03	10
SPCC1620.04c	2
SPCC1620.05	7
SPCC1620.06c	7
SPCC1620.07c	2
SPCC1620.08	7
SPCC1620.09c	2
SPCC1620.10	2
SPCC1620.11	2
SPCC1620.12c	7
SPCC1620.13	10
SPCC1620.14c	2
SPCC830.02	13
SPCC830.03	2
SPCC830.04c	12
SPCC830.05c	2
SPCC830.06	2
SPCC830.07c	2
SPCC830.08c	2
SPCC830.09c	2
SPCC830.10	7
SPCC830.11c	7
SPCC1919.01	2
SPCC1919.02	7
SPCC1919.03c	2
SPCC1919.04	12
SPCC1919.05	7
SPCC1919.06c	7
SPCC1919.07	12
SPCC1919.08c	7
SPCC1919.09	2
SPCC1919.10c	2
SPCC1919.11	7
SPCC1919.12c	7
SPCC1919.13c	7
SPCC1919.14c	7
SPCC1919.15	2
SPCC790.02	7
SPCC790.03	2
SPCC1840.01c	2
SPCC1840.02c	2
SPCC1840.13	6
SPCC1840.03	2
SPCC1840.04	2
SPCC1840.05c	7
SPCC1840.06	7
SPCC1840.07c	7
SPCC1840.08c	7
SPCC1840.09	2
SPCC1840.10	2
SPCC1840.11	2
SPCC1840.12	2
SPCC965.03	7
SPCC965.04c	7
SPCC965.05c	2
SPCC965.06	7
SPCC965.07c	2
SPCC965.08c	2
SPCC965.09	7
SPCC965.10	7
SPCC965.11c	2
SPCC965.12	10
SPCC965.13	7
SPCC965.14c	7
SPCC1494.01	10
SPCC1494.02c	7
SPCC1494.11c	4
SPCC1494.03	7
SPCC1494.04c	2
SPCC1494.05c	2
SPCC1494.06c	7
SPCC1494.07	2
SPCC1494.08c	10
SPCC1494.09c	7
SPCC1494.10	2
SPCC70.02c	7
SPCC70.03c	7
SPCC70.04c	8
SPCC70.12c	2
SPCC70.05c	7
SPCC70.06	7
SPCC70.07c	2
SPCC70.08c	10
SPCC70.09c	10
SPCC70.10	12
SPCC1827.08c	2
SPCC1827.01c	7
SPCC1827.02c	7
SPCC1827.03c	7
SPCC1827.04	7
SPCC1827.05c	7
SPCC1827.06c	7
SPCC1827.07c	2
SPCP1E11.02	2
SPCP1E11.03	7
SPCP1E11.04c	2
SPCP1E11.05c	2
SPCP1E11.06	2
SPCP1E11.07c	2
SPCP1E11.08	7
SPCP1E11.09c	2
SPCP1E11.10	10
SPCP1E11.11	7
SPCC569.08c	2
SPCC569.09	12
SPCC569.07	7
SPCC569.06	12
SPCC569.05c	7
SPCC569.04	8
SPCC569.03	10
SPCC569.02c	8
SPCC569.01c	10
SPBC1348.15	8
SPBC1348.01	8
SPBC1348.02	10
SPBC1348.03	10
SPBC1348.04	10
SPBC1348.05	7
SPBC1348.06c	10
SPBC1348.07	8
SPBC1348.08c	7
SPBC1348.09	10
SPBC1348.10c	7
SPBC1348.11	13
SPBC1348.12	7
SPBC1348.14c	2
SPBPB8B6.02c	7
SPBPB8B6.03	7
SPBPB8B6.04c	2
SPBPB8B6.05c	7
SPBPB8B6.06c	2
SPBPB21E7.01c	7
SPBPB21E7.02c	10
SPBPB21E7.10	12
SPBPB21E7.11	8
SPBPB21E7.04c	10
SPBPB21E7.05	8
SPBPB21E7.06	13
SPBPB21E7.07	10
SPBPB21E7.08	13
SPBPB21E7.09	7
SPBPB10D8.01	7
SPBPB10D8.02c	7
SPBPB10D8.03	13
SPBPB10D8.04c	7
SPBPB10D8.05c	7
SPBPB10D8.06c	7
SPBPB10D8.07c	7
SPBC359.01	7
SPBC359.02	7
SPBC359.03c	2
SPBC359.04c	2
SPBC359.05	2
SPBC359.06	7
SPBC1683.01	2
SPBC1683.02	7
SPBC1683.03c	7
SPBC1683.04	7
SPBC1683.05	7
SPBC1683.06c	7
SPBC1683.07	2
SPBC1683.08	2
SPBC1683.09c	2
SPBC1683.10c	2
SPBC1683.11c	7
SPBC1683.12	7
SPBC1683.13c	2
SPBC1198.01	2
SPBC1198.02	2
SPBC1198.03c	10
SPBC1198.04c.1	2
SPBC1198.05	7
SPBC1198.06c	7
SPBC1198.07c	7
SPBC1198.08	7
SPBC1198.09	7
SPBC1198.10c	7
SPBC1198.11c	2
SPBC1198.12	2
SPBC1198.13c	2
SPBC1198.14c	2
SPBC660.05	10
SPBC660.06	10
SPBC660.07	2
SPBC660.08	2
SPBC660.09	12
SPBC660.10	7
SPBC660.11	2
SPBC660.12c	2
SPBC660.13c	2
SPBC660.14	2
SPBC660.15	7
SPBC660.16	2
SPBC660.17c	10
SPBC31E1.01c	2
SPBC31E1.02c	2
SPBC31E1.03	2
SPBC31E1.04	2
SPBC31E1.05	2
SPBC31E1.06	7
SPBC800.02	7
SPBC800.03	2
SPBC800.04c	7
SPBC800.05c	2
SPBC800.06	7
SPBC800.07c	2
SPBC800.08	7
SPBC800.09	2
SPBC800.14c	10
SPBC800.10c	2
SPBC800.11	7
SPBC800.12c	7
SPBC800.13	2
SPBC1773.01	2
SPBC1773.02c	2
SPBC1773.03c	10
SPBC1773.04	7
SPBC1773.05c	2
SPBC1773.06c	7
SPBC1773.07c	2
SPBC1773.08c	7
SPBC1773.09c	7
SPBC1773.10c	7
SPBC1773.11c	7
SPBC1773.12	7
SPBC1773.13	7
SPBC1773.14	2
SPBC1773.15	7
SPBC1773.16c	7
SPBC1773.17c	7
SPBP26C9.02c	2
SPBP26C9.03c	2
SPBC1271.15c	2
SPBC1271.14	2
SPBC1271.13	7
SPBC1271.12	2
SPBC1271.11	7
SPBC1271.10c	7
SPBC1271.09	7
SPBC1271.08c	8
SPBC1271.07c	10
SPBC1271.06c	8
SPBC1271.05c	7
SPBC1271.04c	7
SPBC1271.03c	7
SPBC1271.02	2
SPBC1271.01c	2
SPBC106.01	2
SPBC106.02c	2
SPBC106.03	10
SPBC106.04	2
SPBC106.05c	7
SPBC106.06	2
SPBC106.07c	7
SPBC106.08c	10
SPBC106.09	2
SPBC106.10	2
SPBC106.11c	2
SPBC106.12c	7
SPBC106.13	7
SPBC106.14c	7
SPBC106.15	2
SPBC106.16	2
SPBC106.17c	2
SPBC106.18	7
SPBC106.19	2
SPBC106.20	2
SPBC582.03	2
SPBC582.04c	2
SPBC582.05c	2
SPBC582.06c	2
SPBC582.07c	2
SPBC582.08	7
SPBC582.09	7
SPBC582.10c	7
SPBC428.01c	2
SPBC428.02c	2
SPBC428.03c	2
SPBC428.04	2
SPBC428.05c	2
SPBC428.06c	2
SPBC428.07	10
SPBC428.08c	2
SPBC428.10	8
SPBC428.11	2
SPBC428.12c	7
SPBC428.13c	2
SPBC428.14	7
SPBC428.15	10
SPBC428.16c	2
SPBC428.17c	2
SPBC428.18	2
SPBC428.19c	7
SPBC428.20c	2
SPBC902.02c	2
SPBC902.03	7
SPBC902.04	2
SPBC902.05c	2
SPBC902.06	2
SPBC1685.01	2
SPBC1685.02c	7
SPBC1685.03	7
SPBC1685.16	7
SPBC1685.04	12
SPBC1685.05	7
SPBC1685.06	2
SPBC1685.07c	2
SPBC1685.08	2
SPBC1685.09	7
SPBC1685.10	7
SPBC1685.11	2
SPBC1685.17	8
SPBC1685.13	2
SPBC1685.14c	10
SPBC1685.15c	2
SPBC649.02	7
SPBC649.03	2
SPBC649.04	10
SPBC649.05	2
SPBC354.01	7
SPBC354.02c	2
SPBC354.03	2
SPBC354.04	12
SPBC354.05c	2
SPBC354.06	7
SPBC354.07c	2
SPBC354.08c	7
SPBC354.09c	7
SPBC354.10	7
SPBC354.12	2
SPBC354.13	2
SPBC354.14c	7
SPBC354.15	2
SPBC1706.01	2
SPBC1706.02c	13
SPBC1706.03	2
SPBC839.02	7
SPBC839.03c	7
SPBC839.04	7
SPBC839.20	6
SPBC839.05c	7
SPBC839.19	7
SPBC839.06	2
SPBC839.07	2
SPBC839.08c	2
SPBC839.09c	7
SPBC839.10	2
SPBC839.11c	2
SPBC839.12	2
SPBC839.13c	2
SPBC839.14c	7
SPBC839.15c	2
SPBC839.16	2
SPBC839.17c	2
SPBC115.03	7
SPBC115.02c	7
SPBC115.01c	2
SPBC947.15c	7
SPBC947.14c	2
SPBC947.13	7
SPBC947.12	2
SPBC947.11c	2
SPBC947.10	2
SPBC947.09	10
SPBC947.08c	2
SPBC947.07	7
SPBC947.06c	7
SPBC947.05c	7
SPBC947.04	2
SPBC947.03c	2
SPBC947.02	2
SPBC947.01	2
SPBPJ4664.01	2
SPBPJ4664.02	8
SPBPJ4664.03	2
SPBPJ4664.04	7
SPBPJ4664.05	10
SPBPJ4664.06	2
SPBC119.01	2
SPBC119.02	2
SPBC119.03	10
SPBC119.04.1	2
SPBC119.05c	7
SPBC119.06	7
SPBC119.07	2
SPBC119.08	2
SPBC119.09c	7
SPBC119.10	2
SPBC119.11c	2
SPBC119.12	7
SPBC119.13c	2
SPBC119.18	7
SPBC119.14	2
SPBC119.15	7
SPBC119.16c	10
SPBC119.17	7
SPBC577.02	7
SPBC577.03c	10
SPBC577.04	7
SPBC577.05c	2
SPBC577.06c	2
SPBC577.07	7
SPBC577.08c	2
SPBC577.09	2
SPBC577.10	2
SPBC577.11	10
SPBC577.12	7
SPBC577.13	7
SPBC577.14c	2
SPBC577.15c	2
SPBC530.01	7
SPBC530.02	7
SPBC530.16	7
SPBC530.03c	2
SPBC530.04	2
SPBC530.05	2
SPBC530.06c	7
SPBC530.07c	10
SPBC530.08	7
SPBC530.09c	7
SPBC530.10c	2
SPBC530.11c	7
SPBC530.12c	2
SPBC530.13	2
SPBC530.14c	2
SPBC530.15c	7
SPBC36.01c	7
SPBC36.02c	7
SPBC36.03c	2
SPBC36.04	2
SPBC36.05c	2
SPBC36.06c	2
SPBC36.07	2
SPBC36.08c	7
SPBC36.09	2
SPBC36.10	7
SPBC36.11	12
SPBC36.12c	2
SPBC713.02c	2
SPBC713.03	7
SPBC713.04c	7
SPBC713.05	2
SPBC713.06	7
SPBC713.07c	7
SPBC713.08	2
SPBC713.09	12
SPBC713.10	7
SPBC713.11c	10
SPBC713.14c	6
SPBC713.12	7
SPBC216.01c	7
SPBC216.02	2
SPBC216.03	10
SPBC216.04c	2
SPBC216.05	2
SPBC216.06c	2
SPBC216.07c	2
SPBC646.02	2
SPBC646.03	7
SPBC646.04	2
SPBC646.05c	2
SPBC646.06c	2
SPBC646.07c	7
SPBC646.08c	2
SPBC646.09c	2
SPBC646.10c	7
SPBC646.11	2
SPBC646.12c	2
SPBC646.13	2
SPBC646.14c	2
SPBC646.15c	7
SPBC646.16	2
SPBC646.17c	2
SPBP35G2.16c	10
SPBP35G2.17	6
SPBP35G2.02	2
SPBP35G2.03c	2
SPBP35G2.04c	12
SPBP35G2.05c	2
SPBP35G2.06c	2
SPBP35G2.07	2
SPBP35G2.08c	2
SPBP35G2.09	2
SPBP35G2.10	2
SPBP35G2.11c	2
SPBP35G2.12	7
SPBP35G2.13c	2
SPBP35G2.14	2
SPBC146.01	2
SPBC146.02	12
SPBC146.03c	2
SPBC146.04	7
SPBC146.05c	2
SPBC146.06c	2
SPBC146.07	2
SPBC146.08c	7
SPBC146.09c	2
SPBC146.10	10
SPBC146.11c	12
SPBC146.12	2
SPBC146.13c	2
SPBC146.14c	7
SPBC337.02c	10
SPBC337.03	2
SPBC337.04	7
SPBC337.05c	2
SPBC337.06c	2
SPBC337.07c	10
SPBC337.08c	2
SPBC337.09	7
SPBC337.10c	7
SPBC337.11	10
SPBC337.12	2
SPBC337.13c	2
SPBC337.14	2
SPBC337.15c	2
SPBC337.16	2
SPBC1734.01c	7
SPBC1734.02c	2
SPBC1734.03	7
SPBC1734.04	2
SPBC1734.05c	7
SPBC1734.06	2
SPBC1734.07c	7
SPBC1734.08	2
SPBC1734.09	7
SPBC1734.10c	7
SPBC1734.11	2
SPBC1734.12c	7
SPBC1734.13	7
SPBC1734.14c	2
SPBC1734.15	2
SPBC1734.16c	2
SPBC1709.01	2
SPBC1709.02c	2
SPBC1709.03	10
SPBC1709.04c	2
SPBC1709.05	2
SPBC1709.06	2
SPBC1709.07	7
SPBC1709.20	2
SPBC1709.08	2
SPBC1709.09	2
SPBC1709.10c	2
SPBC1709.11c	2
SPBC1709.12	7
SPBC1709.13c	2
SPBC1709.14	2
SPBC1709.15c	7
SPBC1709.16c	10
SPBC1709.17	7
SPBC1709.18	2
SPBC1709.19c	7
SPBC409.03	2
SPBC409.04c	2
SPBC409.05	2
SPBC409.06	2
SPBC409.07c	2
SPBC409.08	7
SPBC409.09c	2
SPBC409.10	2
SPBC409.11	12
SPBC409.12c	2
SPBC409.23	2
SPBC409.13	2
SPBC409.14c	7
SPBC409.15	7
SPBC409.16c	7
SPBC409.17c	10
SPBC409.18	7
SPBC409.19c	7
SPBC409.20c	2
SPBC409.21	7
SPBC1306.01c	7
SPBC1306.02	2
SPBC4.01	2
SPBC4.02c	7
SPBC4.03c	7
SPBC4.04c	2
SPBC4.05	2
SPBC4.06	7
SPBC4.07c	2
SPBC725.01	7
SPBC725.02	2
SPBC725.03	7
SPBC725.04	7
SPBC725.05c	7
SPBC725.06c	2
SPBC725.07	7
SPBC725.08	2
SPBC725.09c	2
SPBC725.10	10
SPBC725.11c	2
SPBC725.12	2
SPBC725.13c	2
SPBC725.14	2
SPBC725.15	2
SPBC725.16	2
SPBC725.17c	2
SPBC651.01c	7
SPBC651.02	7
SPBC651.03c	2
SPBC651.04	12
SPBC651.05c	2
SPBC651.06	12
SPBC651.07	12
SPBC651.08c	7
SPBC651.09c	2
SPBC651.10	2
SPBC651.11c	7
SPBC651.12c	12
SPBC31A8.01c	2
SPBC31A8.02	13
SPBC3D6.02	10
SPBC3D6.03c	2
SPBC3D6.15	7
SPBC3D6.04c	2
SPBC3D6.05	2
SPBC3D6.06c	7
SPBC3D6.07	7
SPBC3D6.08c	2
SPBC3D6.09	2
SPBC3D6.10	2
SPBC3D6.11c	2
SPBC3D6.12	7
SPBC3D6.13c	2
SPBC3D6.16	6
SPBC30B4.09	12
SPBC30B4.01c	2
SPBC30B4.02c	7
SPBC30B4.03c	7
SPBC30B4.04c	2
SPBC30B4.05	2
SPBC30B4.06c	7
SPBC30B4.07c	2
SPBC30B4.08	2
SPBC27B12.01c	2
SPBC27B12.02	2
SPBC27B12.03c	2
SPBC27B12.04c	2
SPBC27B12.05	7
SPBC27B12.06	7
SPBC27B12.07	7
SPBC27B12.08	2
SPBC27B12.09c	7
SPBC27B12.10c	7
SPBC27B12.11c	2
SPBC27B12.14	7
SPBC27B12.12c	7
SPBC27B12.13	7
SPBC8D2.01	7
SPBC8D2.02c	7
SPBC8D2.03c	2
SPBC8D2.04	2
SPBC8D2.05c	2
SPBC8D2.06	7
SPBC8D2.07c	7
SPBC8D2.09c	2
SPBC8D2.10c	2
SPBC8D2.23	7
SPBC8D2.11	12
SPBC8D2.12c	7
SPBC8D2.13	7
SPBC8D2.14c	7
SPBC8D2.15	7
SPBC8D2.16c	7
SPBC8D2.17	2
SPBC8D2.18c	7
SPBC8D2.19	2
SPBC8D2.20c	2
SPBC17A3.01c	7
SPBC17A3.02	10
SPBC17A3.03c	7
SPBC17A3.04c	7
SPBC17A3.05c	7
SPBC17A3.06	7
SPBC17A3.07.1	2
SPBC17A3.08	7
SPBC17A3.09c	7
SPBC17A3.10	7
SPBC691.01	7
SPBC691.02c	2
SPBC691.03c	2
SPBC691.04	2
SPBC691.05c	7
SPBP22H7.02c	7
SPBP22H7.03	2
SPBP22H7.04	10
SPBP22H7.05c	7
SPBP22H7.06	7
SPBP22H7.07	2
SPBP22H7.08	7
SPBP22H7.09c	2
SPBC32H8.01c	7
SPBC32H8.02c	2
SPBC32H8.15	6
SPBC32H8.03	7
SPBC32H8.04c	2
SPBC32H8.05	10
SPBC32H8.06	10
SPBC32H8.07	2
SPBC32H8.08c	7
SPBC32H8.09	2
SPBC32H8.10	2
SPBC32H8.11	2
SPBC32H8.12c	2
SPBC32H8.13c	2
SPBC11B10.01	7
SPBC11B10.02c	2
SPBC11B10.03	7
SPBC11B10.04c	7
SPBC11B10.05c	2
SPBC11B10.06	2
SPBC11B10.07c	7
SPBC11B10.08	10
SPBC11B10.09	2
SPBC11B10.10c	2
SPBC1215.01	7
SPBC1215.02c	2
SPBC83.01	2
SPBC83.02c	7
SPBC83.03c	2
SPBC83.04	2
SPBC83.05	7
SPBC83.06c	7
SPBC83.07	2
SPBC83.08	2
SPBC83.09c	7
SPBC83.10	7
SPBC83.11	2
SPBC83.12	8
SPBC83.13	7
SPBC83.14c	2
SPBC83.15	7
SPBC83.16c	7
SPBC83.19c	8
SPBC83.17	7
SPBC83.18c	2
SPBC29B5.01	2
SPBC29B5.02c	2
SPBC29B5.03c	7
SPBC29B5.04c	7
SPBC27.01c	7
SPBC27.02c	2
SPBC27.03	12
SPBC27.04	2
SPBC27.05	6
SPBC27.06c	7
SPBC27.08c	2
SPBC28F2.02	7
SPBC28F2.03	2
SPBC28F2.04c	2
SPBC28F2.05c	7
SPBC28F2.06c	2
SPBC28F2.07	2
SPBC28F2.08c	7
SPBC28F2.09	7
SPBC28F2.10c	2
SPBC28F2.11	2
SPBC28F2.12	2
SPBC21B10.13c	2
SPBC21B10.12	2
SPBC21B10.11	7
SPBC21B10.10	7
SPBC21B10.14	7
SPBC21B10.09	7
SPBC21B10.08c	10
SPBC21B10.07	7
SPBC21B10.06c	7
SPBC21B10.05c	2
SPBC21B10.04c	2
SPBC21B10.15	12
SPBC21B10.03c	2
SPBC21B10.02	10
SPBC19C2.01	2
SPBC19C2.02	2
SPBC19C2.03	2
SPBC19C2.04c	2
SPBC19C2.05	2
SPBC19C2.06c	8
SPBC19C2.07	2
SPBC19C2.08	2
SPBC19C2.09	2
SPBC19C2.10	7
SPBC19C2.11c	7
SPBC19C2.12	7
SPBC19C2.13c	2
SPBC19C2.14	2
SPBC19C2.15c	7
SPBC2F12.15c	7
SPBC2F12.14c	2
SPBC2F12.13	2
SPBC2F12.12c	2
SPBC2F12.17	2
SPBC2F12.11c	2
SPBC2F12.10	7
SPBC2F12.09c	2
SPBC2F12.08c	2
SPBC2F12.07c	7
SPBC2F12.05c	2
SPBC2F12.04	2
SPBC2F12.03c	2
SPBC2F12.02c	7
SPBC1D7.05	2
SPBC1D7.04	2
SPBC1D7.03	7
SPBC1D7.02c	2
SPBC1D7.01	2
SPBC11G11.01	7
SPBC11G11.02c	7
SPBC11G11.03	7
SPBC11G11.04	7
SPBC11G11.05	7
SPBC11G11.06c	2
SPBC11G11.07	7
SPBC18H10.02	2
SPBC18H10.03	2
SPBC18H10.04c	2
SPBC18H10.05	10
SPBC18H10.06c	2
SPBC18H10.07	7
SPBC18H10.08c	2
SPBC18H10.09	10
SPBC18H10.10c	2
SPBC18H10.11c	2
SPBC18H10.12c	2
SPBC18H10.13	7
SPBC18H10.14	7
SPBC18H10.15	7
SPBC18H10.16	7
SPBC18H10.17c	7
SPBC18H10.18c	12
SPBC18H10.19	2
SPBC18H10.20c	2
SPBC9B6.02c	4
SPBC9B6.03	7
SPBC9B6.04c	2
SPBC9B6.05c	2
SPBC9B6.06	7
SPBC9B6.07	7
SPBC9B6.08	2
SPBC9B6.09c	2
SPBC9B6.10	2
SPBC9B6.11c	7
SPBC28E12.01c	2
SPBC28E12.02	10
SPBC28E12.03	2
SPBC28E12.04	2
SPBC28E12.05	7
SPBC28E12.06c	2
SPBC3H7.15	2
SPBC3H7.14	10
SPBC3H7.13	2
SPBC3H7.12	2
SPBC3H7.11	2
SPBC3H7.18	12
SPBC3H7.10	2
SPBC3H7.09	2
SPBC3H7.08c	10
SPBC3H7.07c	7
SPBC3H7.06c	2
SPBC3H7.05c	7
SPBC3H7.04	7
SPBC3H7.03c	7
SPBC3H7.02	7
SPBC3H7.01	2
SPBP16F5.02	2
SPBP16F5.03c	2
SPBP16F5.04	2
SPBP16F5.05c	7
SPBP16F5.06	7
SPBP16F5.07	2
SPBP16F5.08c	2
SPBC16E9.01c	2
SPBC16E9.02c	7
SPBC16E9.03c	7
SPBC16E9.19	7
SPBC16E9.05	2
SPBC16E9.06c	7
SPBC16E9.07	8
SPBC16E9.08	2
SPBC16E9.09c	7
SPBC16E9.10c	7
SPBC16E9.11c	7
SPBC16E9.12c	2
SPBC16E9.13	7
SPBC16E9.14c	2
SPBC16E9.15	7
SPBC16E9.16c	2
SPBC16E9.20	6
SPBC16E9.17c	2
SPBC16E9.18	2
SPBC1E8.02	7
SPBC1E8.03c	10
SPBC1E8.04	4
SPBC1E8.05	10
SPBC1A4.01	2
SPBC1A4.02c	2
SPBC1A4.03c	2
SPBC1A4.04	12
SPBC1A4.05	2
SPBC1A4.06c	2
SPBC1A4.07c	7
SPBC1A4.08c	2
SPBC1A4.11c	12
SPBC1A4.09	7
SPBC1A4.10c	2
SPBP23A10.02	7
SPBP23A10.03c	7
SPBP23A10.04	2
SPBP23A10.05	2
SPBP23A10.17	10
SPBP23A10.06	7
SPBP23A10.07	2
SPBP23A10.08	2
SPBP23A10.09	2
SPBP23A10.10	2
SPBP23A10.11c	7
SPBP23A10.12	7
SPBP23A10.13	2
SPBP23A10.14c	2
SPBP23A10.15c	7
SPBP23A10.16	2
SPBC29A3.21	8
SPBC29A3.01	7
SPBC29A3.02c	2
SPBC29A3.03c	7
SPBC29A3.04	7
SPBC29A3.05	2
SPBC29A3.06	7
SPBC29A3.07c	2
SPBC29A3.08	7
SPBC29A3.09c	7
SPBC29A3.10c	7
SPBC29A3.11c	7
SPBC29A3.12	7
SPBC29A3.13	2
SPBC29A3.14c	2
SPBC29A3.15c	7
SPBC29A3.16	2
SPBC29A3.17	2
SPBC29A3.18	7
SPBC18E5.01	10
SPBC18E5.02c	7
SPBC18E5.03c	2
SPBC18E5.04	2
SPBC18E5.05c	7
SPBC18E5.06	2
SPBC18E5.07	7
SPBC18E5.08	10
SPBC18E5.14c	12
SPBC18E5.09c	12
SPBC18E5.15	13
SPBC18E5.10	7
SPBC18E5.11c	2
SPBC18E5.12c	7
SPBC18E5.13	2
SPBC23G7.16	2
SPBC23G7.04c	2
SPBC23G7.05	2
SPBC23G7.06c	7
SPBC23G7.07c	7
SPBC23G7.08c	2
SPBC23G7.17c	2
SPBC23G7.09	2
SPBC23G7.10c	10
SPBC23G7.11	2
SPBC23G7.12c	2
SPBC23G7.13c	7
SPBC23G7.14	12
SPBC23G7.15c	2
SPBC1711.01c	2
SPBC1711.02	2
SPBC1711.03	7
SPBC1711.04	7
SPBC1711.05	7
SPBC1711.06	7
SPBC1711.18	7
SPBC1711.07	7
SPBC1711.08	2
SPBC1711.09c	7
SPBC1711.10c	7
SPBC1711.11	2
SPBC1711.12	7
SPBC1711.13	2
SPBC1711.14	2
SPBC1711.15c	8
SPBC1711.16	7
SPBC1711.17	2
SPBC17G9.02c	7
SPBC17G9.03c	7
SPBC17G9.04c	2
SPBC17G9.05	2
SPBC17G9.06c	2
SPBC17G9.07	7
SPBC17G9.08c	2
SPBC17G9.09	2
SPBC17G9.10	7
SPBC17G9.11c	2
SPBC17G9.12c	10
SPBC17G9.13c	7
SPBC1815.01	7
SPBC14C8.01c	2
SPBC14C8.02	7
SPBC14C8.03	7
SPBC14C8.04	7
SPBC14C8.05c	2
SPBC14C8.06	2
SPBC14C8.07c	2
SPBC14C8.19	10
SPBC14C8.09c	10
SPBC14C8.10	7
SPBC14C8.11c	8
SPBC14C8.12	2
SPBC14C8.13	2
SPBC14C8.14c	2
SPBC14C8.15	7
SPBC14C8.16c	2
SPBC14C8.17c	2
SPBC15C4.01c	2
SPBC15C4.02	7
SPBC15C4.03	7
SPBC15C4.04c	7
SPBC15C4.05	7
SPBC15C4.06c	10
SPBC21H7.02	2
SPBC21H7.03c	7
SPBC21H7.04	7
SPBC21H7.05	2
SPBC21H7.06c	2
SPBC21H7.07c	2
SPBC16H5.14c	10
SPBC16H5.13	10
SPBC16H5.12c	10
SPBC16H5.11c	2
SPBC16H5.10c	2
SPBC16H5.09c	7
SPBC16H5.08c	7
SPBC16H5.07c	2
SPBC16H5.06	2
SPBC16H5.15	2
SPBC16H5.05c	2
SPBC16H5.04	7
SPBC16H5.03c	2
SPBC16H5.02	2
SPBC12D12.01	2
SPBC12D12.02c	2
SPBC12D12.03	2
SPBC12D12.04c	2
SPBC12D12.09	7
SPBC12D12.05c	7
SPBC12D12.06	2
SPBC12D12.07c	2
SPBC12D12.08c	2
SPBC24C6.02	7
SPBC24C6.03	7
SPBC24C6.04	7
SPBC24C6.05	7
SPBC24C6.06	2
SPBC24C6.07	2
SPBC24C6.08c	2
SPBC24C6.09c	10
SPBC24C6.13	7
SPBC24C6.10c	2
SPBC24C6.11	2
SPBC19G7.01c	2
SPBC19G7.02	7
SPBC19G7.03c	7
SPBC19G7.04	7
SPBC19G7.05c	2
SPBC19G7.06	2
SPBC19G7.07c	2
SPBC19G7.08c	2
SPBC19G7.09	2
SPBC19G7.10c	2
SPBC19G7.18c	12
SPBC19G7.13	2
SPBC19G7.14c	7
SPBC19G7.15	2
SPBC19G7.19	7
SPBC19G7.16	2
SPBC19G7.17	7
SPBC36B7.02	7
SPBC36B7.03	2
SPBC36B7.04	2
SPBC36B7.05c	2
SPBC36B7.06c	2
SPBC36B7.07	7
SPBC36B7.08c	2
SPBC36B7.09	2
SPBP18G5.02	2
SPBP18G5.03	2
SPBC1921.01c	7
SPBC1921.02	2
SPBC1921.03c	2
SPBC1921.04c	6
SPBC1921.05	2
SPBC1921.06c	2
SPBC1921.07c	2
SPBC21D10.12	2
SPBC21D10.11c	2
SPBC21D10.10	2
SPBC21D10.09c	2
SPBC21D10.08c	10
SPBC21D10.07	7
SPBC21D10.06c	2
SPBC21D10.05c	2
SPBC12C2.13c	2
SPBC12C2.12c	2
SPBC12C2.11	7
SPBC12C2.10c	2
SPBC12C2.09c	7
SPBC12C2.08	2
SPBC12C2.07c	7
SPBC12C2.06	7
SPBC12C2.05c	2
SPBC12C2.04	10
SPBC12C2.14c	6
SPBC12C2.03c	7
SPBC12C2.02c	2
SPBC12C2.01c	12
SPBC17F3.02	2
SPBC17F3.01c	2
SPBC557.02c	10
SPBC557.03c	2
SPBC557.04	2
SPBC557.05	7
SPBC365.20c	7
SPBC365.01	7
SPBC365.02c	7
SPBC365.03c	7
SPBC365.04c	7
SPBC365.05c	2
SPBC365.06	2
SPBC365.07c	10
SPBC365.08c	7
SPBC365.09c	7
SPBC365.10	2
SPBC365.11	7
SPBC365.12c	10
SPBC365.13c	2
SPBC365.14c	2
SPBC365.15	2
SPBC365.16	10
SPBC29A10.01	2
SPBC29A10.02	2
SPBC29A10.03c	2
SPBC29A10.04	2
SPBC29A10.05	2
SPBC29A10.06c	2
SPBC29A10.07	2
SPBC29A10.08	2
SPBC29A10.09c	2
SPBC29A10.10c	7
SPBC29A10.11c	2
SPBC29A10.12	2
SPBC29A10.13	7
SPBC29A10.14	2
SPBC29A10.15	2
SPBC29A10.17	2
SPBC29A10.16c	7
SPBC2G5.01	7
SPBC2G5.02c	2
SPBC2G5.03	2
SPBC2G5.04c	7
SPBC2G5.05	2
SPBC2G5.06c	2
SPBC2G5.07c	2
SPBC25B2.01	2
SPBC25B2.02c	2
SPBC25B2.03	10
SPBC25B2.04c	7
SPBC25B2.05	2
SPBC25B2.06c	2
SPBC25B2.07c	2
SPBC25B2.08	8
SPBC25B2.09c	7
SPBC25B2.10	10
SPBC25B2.11	2
SPBC1826.01c	7
SPBC6B1.02	2
SPBC6B1.03c	7
SPBC6B1.04	2
SPBC6B1.05c	2
SPBC6B1.06c	2
SPBC6B1.07	2
SPBC6B1.08c	2
SPBC6B1.12c	2
SPBC6B1.09c	2
SPBC6B1.10	2
SPBC3E7.01	2
SPBC3E7.02c	2
SPBC3E7.17	6
SPBC3E7.04c	7
SPBC3E7.05c	7
SPBC3E7.06c	2
SPBC3E7.07c	10
SPBC3E7.08c	2
SPBC3E7.09	7
SPBC3E7.10	7
SPBC3E7.11c	7
SPBC3E7.12c	7
SPBC3E7.13c	2
SPBC3E7.14	2
SPBC3E7.15c	2
SPBC3E7.16c	2
SPBC4F6.04	7
SPBC4F6.05c	7
SPBC4F6.06	2
SPBC4F6.07c	7
SPBC4F6.08c	7
SPBC4F6.09	2
SPBC4F6.10	2
SPBC4F6.11c	7
SPBC4F6.12	2
SPBC4F6.13c	7
SPBC4F6.14	7
SPBC4F6.15c	2
SPBC4F6.16c	2
SPBC4F6.17c	7
SPBC4F6.18c	2
SPBC18A7.01	10
SPBC18A7.02c	7
SPBC336.16	6
SPBC336.01	2
SPBC336.02	7
SPBC336.03	2
SPBC336.04	2
SPBC336.05c	7
SPBC336.06c	7
SPBC336.07	2
SPBC336.08	2
SPBC336.09c	2
SPBC336.10c	7
SPBC336.11	7
SPBC336.12c	2
SPBC336.13c	7
SPBC336.14c	7
SPBC336.15	2
SPBC685.02	7
SPBC685.03	12
SPBC685.04c	7
SPBC685.05	7
SPBC685.06	2
SPBC685.07c	2
SPBC685.08	12
SPBC685.09	2
SPBC32F12.01c	2
SPBC32F12.02	2
SPBC32F12.16	7
SPBC32F12.03c	2
SPBC32F12.04	2
SPBC32F12.05c	2
SPBC32F12.06	2
SPBC32F12.07c	7
SPBC32F12.08c	2
SPBC32F12.09	2
SPBC32F12.10	7
SPBC32F12.11	2
SPBC32F12.15	7
SPBC32F12.12c	7
SPBC19C7.01	7
SPBC19C7.02	2
SPBC19C7.03	2
SPBC19C7.04c	10
SPBC19C7.05	7
SPBC19C7.06	7
SPBC19C7.07c	7
SPBC19C7.08c	7
SPBC19C7.09c	2
SPBC19C7.10	2
SPBC19C7.11	7
SPBC19C7.12c	2
SPBP19A11.01	7
SPBP19A11.02c	12
SPBP19A11.03c	2
SPBP19A11.04c	2
SPAP19A11.05c	7
SPBP19A11.06	2
SPBP19A11.07c	10
SPBP4H10.03	2
SPBP4H10.04	2
SPBP4H10.05c	2
SPBP4H10.06c	2
SPBP4H10.07	10
SPBP4H10.08	7
SPBP4H10.09	2
SPBP4H10.10	10
SPBP4H10.11c	2
SPBP4H10.12	7
SPBP4H10.13	7
SPBP4H10.14c	12
SPBP4H10.15	2
SPBP4H10.16c	7
SPBP4H10.17c	7
SPBP4H10.18c	12
SPBP4H10.19c	7
SPBP4H10.20	2
SPBP4H10.21c	2
SPBC1703.01c	2
SPBC1703.02	2
SPBC1703.03c	7
SPBC1703.04	7
SPBC1703.05	7
SPBC1703.06	2
SPBC1703.07	7
SPBC1703.08c	7
SPBC1703.09	12
SPBC1703.10	2
SPBC1703.11	7
SPBC1703.12	2
SPBC1703.13c	7
SPBC1703.14c	2
SPBC1703.15c	2
SPBC2A9.02	7
SPBC2A9.03	10
SPBC2A9.04c	2
SPBC2A9.05c	7
SPBC2A9.06c	2
SPBC2A9.07c	2
SPBC2A9.13	6
SPBC2A9.14	12
SPBC2A9.08c	7
SPBC2A9.09	7
SPBC2A9.10	2
SPBC2A9.11c	10
SPBC2A9.12	2
SPBC2D10.03c	10
SPBC2D10.04	7
SPBC2D10.05	2
SPBC2D10.06	2
SPBC2D10.07c	7
SPBC2D10.08c	7
SPBC2D10.09	7
SPBC2D10.10c	2
SPBC2D10.11c	2
SPBC2D10.12	2
SPBC2D10.13	2
SPBC2D10.14c	2
SPBC2D10.15c	7
SPBC2D10.16	2
SPBC2D10.17	2
SPBC2D10.18	2
SPBC2D10.19c	7
SPBC2D10.20	7
SPBC15D4.01c	2
SPBC15D4.02	2
SPBC15D4.03	2
SPBC15D4.04	2
SPBC15D4.05	7
SPBC15D4.06	2
SPBC15D4.07c	2
SPBC15D4.08c	12
SPBC15D4.09c	2
SPBC15D4.10c	2
SPBC15D4.11c	7
SPBC15D4.12c	12
SPBC15D4.13c	7
SPBC15D4.14	2
SPBC15D4.15	2
SPBC13E7.01	2
SPBC13E7.02	2
SPBC13E7.03c	7
SPBC13E7.04	7
SPBC13E7.05	7
SPBC13E7.06	2
SPBC13E7.07	12
SPBC13E7.08c	2
SPBC13E7.09	2
SPBC13E7.10c	2
SPBC13E7.11	7
SPBC30D10.18c	2
SPBC30D10.17c	2
SPBC30D10.16	2
SPBC30D10.15	7
SPBC30D10.14	10
SPBC30D10.13c	2
SPBC30D10.12c	7
SPBC30D10.11	2
SPBC30D10.10c	2
SPBC30D10.09c	2
SPBC30D10.08	7
SPBC30D10.07c	7
SPBC30D10.06	2
SPBC30D10.21	7
SPBC30D10.05c	7
SPBC30D10.04	2
SPBC30D10.03c	7
SPBC30D10.02	7
SPBC1778.01c	7
SPBC1778.02	2
SPBC1778.03c	7
SPBC1778.04	2
SPBC1778.05c	2
SPBC1778.06c	2
SPBC1778.07	10
SPBC1778.08c	2
SPBC1778.09	7
SPBC1778.10c	2
SPBC4C3.10c	2
SPBC4C3.09	2
SPBC4C3.08	2
SPBC4C3.07	2
SPBC4C3.06	7
SPBC4C3.05c	2
SPBC4C3.12	2
SPBC4C3.04c	7
SPBC4C3.03	7
SPBC405.01	2
SPBC405.02c	12
SPBC405.03c	7
SPBC405.04c	2
SPBC405.05	2
SPBC405.06	7
SPBC405.07	2
SPBC609.01	7
SPBC609.02	2
SPBC609.03	2
SPBC609.04	2
SPBC609.05	2
SPBC776.01	2
SPBC776.02c	2
SPBC776.03	7
SPBC776.04	2
SPBC776.05	7
SPBC776.06c	7
SPBC776.07	7
SPBC776.08c	7
SPBC776.09	2
SPBC776.10c	7
SPBC776.11	2
SPBC776.12c	2
SPBC776.13	2
SPBC776.14	2
SPBC776.15c	7
SPBC776.16	2
SPBC776.17	7
SPBC776.18c	2
SPBC21.01	2
SPBC21.02	7
SPBC21.03c	10
SPBC21.04	2
SPBC21.05c	2
SPBC21.06c	2
SPBC21.07c	7
SPBC19F8.01c	2
SPBC19F8.02	7
SPBC19F8.03c	7
SPBC19F8.04c	10
SPBC19F8.05	7
SPBC19F8.06c	7
SPBC19F8.07	2
SPBC19F8.08	7
SPBC25H2.16c	2
SPBC25H2.15	7
SPBC25H2.14	10
SPBC25H2.18	7
SPBC25H2.13c	2
SPBC25H2.12c	2
SPBC25H2.11c	2
SPBC25H2.10c	7
SPBC25H2.09	7
SPBC25H2.08c	7
SPBC25H2.07	2
SPBC25H2.06c	7
SPBC25H2.05	2
SPBC25H2.04c	7
SPBC25H2.03	7
SPBC25H2.02	7
SPBC20F10.01	2
SPBC20F10.02c	7
SPBC20F10.03	10
SPBC20F10.04c	2
SPBC20F10.05	2
SPBC20F10.06	2
SPBC20F10.07	2
SPBC20F10.08c	7
SPBC20F10.09	2
SPBC20F10.10	7
SPBC17D11.01	2
SPBC17D11.02c	2
SPBC17D11.03c	7
SPBC17D11.04c	7
SPBC17D11.05	2
SPBC17D11.06	2
SPBC17D11.07c	2
SPBC17D11.08	10
SPBC17D1.01	10
SPBC17D1.02	7
SPBC17D1.03c	2
SPBC17D1.04	2
SPBC17D1.05	12
SPBC17D1.06	7
SPBC17D1.07c	2
SPBC11C11.01	7
SPBC17D1.17	12
SPBC11C11.02	2
SPBC11C11.03	2
SPBC11C11.04c	2
SPBC11C11.05	7
SPBC11C11.06c	12
SPBC11C11.07	2
SPBC11C11.08	2
SPBC11C11.09c	2
SPBC11C11.10	7
SPBC11C11.11c	7
SPBC3B8.11	7
SPBC3B8.10c	2
SPBC3B8.09	7
SPBC3B8.08	10
SPBC3B8.07c	2
SPBC3B8.06	10
SPBC3B8.05	7
SPBC3B8.04c	2
SPBC3B8.10	7
SPBC3B8.03	2
SPBC3B8.02	2
SPBC3B8.01c	2
SPBC13A2.01c	2
SPBC13A2.02	2
SPBC13A2.03	2
SPBC13A2.04c	2
SPBC4B4.01c	7
SPBC4B4.02c	7
SPBC4B4.03	2
SPBC4B4.04	7
SPBC4B4.05	2
SPBC4B4.06	2
SPBC4B4.07c	2
SPBC4B4.08	2
SPBC4B4.09	2
SPBC4B4.10c	2
SPBC4B4.11	7
SPBC4B4.12c	12
SPBC2G2.01c	2
SPBC2G2.02	2
SPBC2G2.03c	7
SPBC2G2.04c	7
SPBC2G2.05	7
SPBC2G2.06c	7
SPBC2G2.07c	2
SPBC2G2.08	2
SPBC2G2.09c	2
SPBC2G2.10c	12
SPBC2G2.11	7
SPBC2G2.12	7
SPBC2G2.13c	7
SPBC2G2.14	2
SPBC2G2.15c	7
SPBC2G2.16	7
SPBC2G2.17c	7
SPBC1718.01	2
SPBC1718.02	2
SPBC1718.03	2
SPBC1718.04	7
SPBC1718.05	7
SPBC1718.06	2
SPBC1718.07c	2
SPBPB7E8.01	12
SPBPB7E8.02	10
SPBC1105.01	7
SPBC1105.02c	2
SPBC1105.03c	7
SPBC1105.19	12
SPBC1105.04c	2
SPBC1105.05	2
SPBC1105.06	2
SPBC1105.07c	7
SPBC1105.08	7
SPBC1105.09	2
SPBC1105.10	2
SPBC1105.11c	2
SPBC1105.12	2
SPBC1105.13c	8
SPBC1105.14	2
SPBC1105.15c	7
SPBC887.22	7
SPBC1105.16c	7
SPBC1105.17	2
SPBC1105.18c	2
SPBC887.01	7
SPBC887.02	7
SPBC887.03c	2
SPBC887.04c	2
SPBC887.05c	2
SPBC887.06c	7
SPBC887.07	7
SPBC887.08	12
SPBC887.09c	2
SPBC887.10	2
SPBC887.11	7
SPBC887.12	7
SPBC887.13c	7
SPBC887.14c	2
SPBC887.15c	2
SPBC887.16	6
SPBC887.17	7
SPBC887.18c	2
SPBC887.19	7
SPBC418.01c	2
SPBC418.02	7
SPBC16D10.01c	7
SPBC16D10.02	7
SPBC16D10.03	7
SPBC16D10.04c	2
SPBC16D10.05	2
SPBC16D10.06	2
SPBC16D10.07c	2
SPBC16D10.08c	2
SPBC16D10.09	2
SPBC16D10.10	2
SPBC16D10.11c	7
SPBC317.01	2
SPBP8B7.32	6
SPBP8B7.01c	2
SPBP8B7.02	2
SPBP8B7.03c	7
SPBP8B7.04	12
SPBP8B7.05c	7
SPBP8B7.06	2
SPBP8B7.07c	7
SPBP8B7.08c	7
SPBP8B7.09c	2
SPBP8B7.10c	7
SPBP8B7.11	2
SPBP8B7.12c	2
SPBP8B7.13	7
SPBP8B7.14c	2
SPBP8B7.15c	7
SPBP8B7.16c	2
SPBP8B7.17c	2
SPBP8B7.18c	7
SPBP8B7.19	2
SPBP8B7.20c	7
SPBP8B7.21	2
SPBP8B7.22	7
SPBP8B7.23	7
SPBP8B7.24c	2
SPBP8B7.25	2
SPBP8B7.26	12
SPBP8B7.27	10
SPBP8B7.28c	2
SPBP8B7.29	7
SPBP8B7.30c	2
SPBP8B7.31	10
SPBC19F5.01c	2
SPBC19F5.02c	7
SPBC19F5.03	7
SPBC19F5.04	7
SPBC19F5.05c	7
SPBC25D12.02c	2
SPBC25D12.03c	2
SPBC25D12.04	2
SPBC25D12.05	2
SPBC25D12.06	2
SPBC13G1.14c	2
SPBC13G1.01c	7
SPBC13G1.02	2
SPBC13G1.03c	7
SPBC13G1.04c	7
SPBC13G1.05	7
SPBC13G1.06c	7
SPBC13G1.07	7
SPBC13G1.08c	2
SPBC13G1.15c	8
SPBC13G1.09	7
SPBC13G1.10c	7
SPBC13G1.11	7
SPBC13G1.16	12
SPBC13G1.12	7
SPBC13G1.13	2
SPBC31F10.02	7
SPBC31F10.03	7
SPBC31F10.04c	2
SPBC31F10.05	10
SPBC31F10.06c	2
SPBC31F10.07	7
SPBC31F10.08	2
SPBC31F10.09c	2
SPBC31F10.10c	7
SPBC31F10.11c	2
SPBC31F10.12	7
SPBC31F10.13c	2
SPBC31F10.14c	2
SPBC31F10.15c	7
SPBC31F10.16	2
SPBC31F10.17c	8
SPBC21C3.01c	7
SPBC21C3.02c	2
SPBC21C3.03	7
SPBC21C3.04c	7
SPBC21C3.05	2
SPBC21C3.06	12
SPBC21C3.07c	7
SPBC21C3.08c	2
SPBC21C3.09c	7
SPBC21C3.10c	7
SPBC21C3.11	7
SPBC21C3.12c	7
SPBC21C3.13	7
SPBC21C3.14c	10
SPBC21C3.15c	10
SPBC21C3.16c	2
SPBC21C3.17c	7
SPBC21C3.18	2
SPBC21C3.19	7
SPBC21C3.20c	2
SPBC23E6.01c	2
SPBC23E6.02	2
SPBC23E6.03c	7
SPBC23E6.04c	7
SPBC23E6.05	7
SPBC23E6.06c	7
SPBC23E6.07c	2
SPBC23E6.08	2
SPBC23E6.09	2
SPBC23E6.10c	7
SPBC211.01	7
SPBC211.02c	2
SPBC211.03c	2
SPBC211.04c	2
SPBC211.05	2
SPBC211.06	2
SPBC211.07c	7
SPBC211.08c	2
SPBC1604.21c	2
SPBC1604.25	7
SPBC1604.20c	2
SPBC1604.19c	7
SPBC1604.18c	2
SPBC1604.17c	2
SPBC1604.16c	10
SPBC1604.15	7
SPBC1604.14c	2
SPBC1604.13c	7
SPBC1604.12	12
SPBC1604.11	7
SPBC1604.10	2
SPBC1604.09c	7
SPBC1604.08c	2
SPBC1604.07	7
SPBC1604.06c	7
SPBC1604.05	7
SPBC1604.04	7
SPBC1604.03c	10
SPBC1604.02c	2
SPBC1604.01	2
SPBC1677.02	2
SPBC1677.03c	2
SPBC26H8.01	2
SPBC26H8.02c	2
SPBC26H8.03	2
SPBC26H8.04c	2
SPBC26H8.05c	2
SPBC26H8.06	2
SPBC26H8.13c	10
SPBC26H8.14c	7
SPBC26H8.16	7
SPBC26H8.07c	2
SPBC26H8.08c	2
SPBC26H8.09c	2
SPBC26H8.10	2
SPBC26H8.11c	7
SPBC26H8.12	7
SPBC32C12.02	2
SPBC32C12.03c	7
SPBC3B9.01	7
SPBC3B9.02c	2
SPBC3B9.03	7
SPBC3B9.04	10
SPBC3B9.21	2
SPBC3B9.05	7
SPBC3B9.06c	2
SPBC3B9.07c	2
SPBC3B9.08c	2
SPBC3B9.09	2
SPBC3B9.10	7
SPBC3B9.22c	2
SPBC3B9.11c	2
SPBC3B9.12	7
SPBC3B9.13c	2
SPBC3B9.14c	7
SPBC3B9.15c	2
SPBC3B9.16c	2
SPBC3B9.17	2
SPBC3B9.18c	7
SPBC3B9.19	7
SPBC215.01	7
SPBC215.02	2
SPBC215.03c	2
SPBC215.04	2
SPBC215.05	2
SPBC215.06c	10
SPBC215.07c	7
SPBC215.08c	2
SPBC215.09c	7
SPBC215.10	10
SPBC215.11c	10
SPBC215.12	2
SPBC215.13	2
SPBC215.14c	2
SPBC215.15	2
SPBC1347.01c	2
SPBC1347.02	2
SPBC1347.03	2
SPBC1347.04	7
SPBC1347.05c	7
SPBC1347.06c	2
SPBC1347.07	7
SPBC1347.08c	7
SPBC1347.09	7
SPBC1347.10	2
SPBC1347.11	12
SPBC1347.14c	6
SPBC1347.12	2
SPBC1347.13c	7
SPBC56F2.12	7
SPBC56F2.11	2
SPBC56F2.10c	2
SPBC56F2.09c	2
SPBC56F2.08c	2
SPBC56F2.07c	7
SPBC56F2.15	12
SPBC56F2.06	12
SPBC56F2.05c	7
SPBC56F2.04	7
SPBC56F2.03	7
SPBC56F2.02	2
SPBC56F2.01	2
SPBC56F2.14	7
SPBC1861.01c	2
SPBC1861.02	10
SPBC1861.03	2
SPBC1861.04c	7
SPBC1861.05	7
SPBC1861.06c	12
SPBC1861.07	7
SPBC1861.08c	2
SPBC1861.09	2
SPBC14F5.01	10
SPBC14F5.02	7
SPBC14F5.03c	2
SPBC14F5.04c	7
SPBC14F5.05c	2
SPBC14F5.06	7
SPBC14F5.07	7
SPBC14F5.08	2
SPBC14F5.09c	2
SPBC14F5.10c	10
SPBC14F5.11c	2
SPBC14F5.12c	2
SPBC14F5.13c	7
SPBC3F6.01c	7
SPBC3F6.02c	7
SPBC3F6.03	2
SPBC3F6.04c	7
SPBC3F6.05	2
SPBC342.01c	2
SPBC342.02	7
SPBC342.03	2
SPBC342.04	2
SPBC342.05	2
SPBC342.06c	2
SPBC16G5.01	2
SPBC16G5.02c	7
SPBC16G5.03	7
SPBC16G5.04	7
SPBC16G5.05c	2
SPBC16G5.06	12
SPBC16G5.07c	7
SPBC16G5.08	2
SPBC16G5.09	7
SPBC16G5.10	2
SPBC16G5.11c	7
SPBC16G5.12c	2
SPBC16G5.13	2
SPBC16G5.14c	7
SPBC16G5.15c	2
SPBC16G5.16	7
SPBC16G5.17	7
SPBC16G5.18	7
SPBC16G5.19	12
SPBC1652.01	7
SPBC1652.02	7
SPBC16A3.19	2
SPBC16A3.18	2
SPBC16A3.17c	7
SPBC16A3.16	7
SPBC16A3.15c	2
SPBC16A3.14	7
SPBC16A3.13	2
SPBC16A3.12c	7
SPBC16A3.11	2
SPBC16A3.10	7
SPBC16A3.09c	2
SPBC16A3.08c	2
SPBC16A3.07c	2
SPBC16A3.06	7
SPBC16A3.05c	2
SPBC16A3.04	7
SPBC16A3.03c	2
SPBC16A3.02c	10
SPBC16A3.01	2
SPBC543.02c	7
SPBC543.03c	2
SPBC543.04	2
SPBC543.05c	7
SPBC543.06c	7
SPBC543.07	2
SPBC543.08	7
SPBC543.09	7
SPBC543.10	7
SPBC16C6.01c	7
SPBC16C6.14	2
SPBC16C6.02c	7
SPBC16C6.03c	7
SPBC16C6.04	10
SPBC16C6.05	7
SPBC16C6.06	2
SPBC16C6.07c	2
SPBC16C6.08c	7
SPBC16C6.09	2
SPBC16C6.10	2
SPBC16C6.11	2
SPBC16C6.12c	2
SPBC16C6.13c	7
SPBC244.02c	7
SPBC244.01c	2
SPBC1539.01c	7
SPBC1539.02	10
SPBC1539.03c	7
SPBC1539.04	2
SPBC1539.05	7
SPBC1539.06	7
SPBC1539.07c	2
SPBC1539.08	2
SPBC1539.09c	2
SPBC1539.10	7
SPBC1289.01c	2
SPBC1289.02c	2
SPBC1289.03c	2
SPBC1289.04c	2
SPBC1289.05c	7
SPBC1289.06c	2
SPBC1289.07c	2
SPBC1289.08	7
SPBC1289.09	7
SPBC1289.10c	2
SPBC1289.11	2
SPBC1289.12	2
SPBC1289.13c	2
SPBC1289.14	7
SPBC1289.17	4
SPBC1289.15	2
SPBC1289.16c	7
SPBC8E4.05c	10
SPBC8E4.04	7
SPBC8E4.03	7
SPBC8E4.12c	10
SPBC8E4.01c	2
SPBP4G3.02	2
SPBP4G3.03	7
SPBPB2B2.01	7
SPBPB2B2.02	7
SPBPB2B2.05	10
SPBPB2B2.06c	7
SPBPB2B2.07c	8
SPBPB2B2.08	10
SPBPB2B2.09c	7
SPBPB2B2.10c	2
SPBPB2B2.11	7
SPBPB2B2.12c	2
SPBPB2B2.13	2
SPBPB2B2.14c	8
SPBPB2B2.15	10
SPBPB2B2.16c	7
SPBPB2B2.17c	10
SPBPB2B2.18	10
SPBPB2B2.19c	8
SPBCPT2R1.01c	8
SPBCPT2R1.02	8
SPBCPT2R1.03	8
SPBCPT2R1.04c	8
SPBCPT2R1.05c	13
SPBCPT2R1.06c	13
SPBCPT2R1.07c	13
SPBCPT2R1.10	13
SPBCPT2R1.08c	2
SPMTR.01	2
SPMTR.02	2
